timestamp,economic,commercial air traffic,walmart
12/14/2013 20:10,371.781914309,319.540382299,321.581375839
12/14/2013 20:20,371.781914309,319.540382299,325.293624161
12/14/2013 20:30,371.781914309,319.540382299,325.293624161
12/14/2013 20:40,371.781914309,319.540382299,325.293624161
12/14/2013 20:50,371.781914309,319.540382299,325.0
12/14/2013 21:00,371.781914309,319.540382299,325.0
12/14/2013 21:10,371.781914309,319.540382299,325.230704698
12/14/2013 21:20,371.781914309,319.540382299,325.230704698
12/14/2013 21:30,390.898738608,357.440346207,355.725671141
12/14/2013 21:40,390.898738608,357.440346207,356.124161074
12/14/2013 21:50,357.309132553,355.606259655,348.196308725
12/14/2013 22:00,357.309132553,355.606259655,348.196308725
12/14/2013 22:10,357.309132553,355.606259655,346.875
12/14/2013 22:20,357.309132553,355.606259655,346.875
12/14/2013 22:30,357.309132553,355.606259655,346.20385906
12/14/2013 22:40,357.309132553,355.606259655,346.53942953
12/14/2013 22:50,355.610896834,355.606259655,343.791946309
12/14/2013 23:00,355.610896834,355.606259655,344.127516779
12/14/2013 23:10,406.780211943,355.606259655,352.516778523
12/14/2013 23:20,406.780211943,347.90333046,351.468120805
12/14/2013 23:30,406.780211943,347.90333046,351.468120805
12/14/2013 23:40,406.780211943,347.90333046,351.468120805
12/14/2013 23:50,406.780211943,347.90333046,351.468120805
12/15/2013 00:10,406.780211943,347.90333046,350.209731544
12/15/2013 00:20,406.780211943,347.90333046,349.895134228
12/15/2013 00:30,406.780211943,347.90333046,349.454697987
12/15/2013 00:40,406.780211943,347.90333046,349.454697987
12/15/2013 00:50,406.780211943,347.90333046,349.727348993
12/15/2013 01:00,406.780211943,347.90333046,348.930369128
12/15/2013 01:10,406.780211943,347.90333046,344.819630872
12/15/2013 01:20,406.780211943,347.90333046,344.819630872
12/15/2013 01:30,406.780211943,347.90333046,344.819630872
12/15/2013 01:40,406.780211943,347.90333046,344.819630872
12/15/2013 01:50,384.638723864,343.876506782,344.442114094
12/15/2013 02:00,385.920352767,345.57538954,344.90352349
12/15/2013 02:10,385.920352767,345.57538954,344.90352349
12/15/2013 02:20,385.920352767,345.57538954,345.029362416
12/15/2013 02:30,385.920352767,345.57538954,345.029362416
12/15/2013 02:40,385.920352767,345.57538954,345.616610738
12/15/2013 02:50,385.920352767,345.57538954,345.616610738
12/15/2013 03:00,385.920352767,345.57538954,345.847315436
12/15/2013 03:10,385.920352767,338.700829885,344.400167785
12/15/2013 03:20,385.920352767,338.700829885,344.022651007
12/15/2013 03:30,385.920352767,338.700829885,344.022651007
12/15/2013 03:50,382.471470318,336.652532299,341.77852349
12/15/2013 04:00,382.471470318,336.652532299,341.77852349
12/15/2013 04:20,376.679633971,335.430873678,321.287751678
12/15/2013 04:30,365.608889932,335.430873678,321.329697987
12/15/2013 04:40,376.679633971,335.430873678,320.406879195
12/15/2013 04:50,376.679633971,335.430873678,320.071308725
12/15/2013 05:00,376.679633971,335.430873678,320.071308725
12/15/2013 05:10,310.962885451,335.430873678,294.651845638
12/15/2013 05:20,310.962885451,335.430873678,294.651845638
12/15/2013 05:30,312.05796669,336.11966977,295.281040268
12/15/2013 05:40,312.05796669,336.11966977,295.281040268
12/15/2013 05:50,312.05796669,336.11966977,295.281040268
12/15/2013 06:00,313.447881254,339.266343678,296.895973154
12/15/2013 06:10,226.981539617,238.972296437,252.411912752
12/15/2013 06:20,226.981539617,238.972296437,252.411912752
12/15/2013 06:30,226.981539617,238.972296437,252.411912752
12/15/2013 06:40,219.654731401,235.382480115,247.651006711
12/15/2013 06:50,219.654731401,235.382480115,247.671979866
12/15/2013 07:00,219.654731401,235.382480115,247.671979866
12/15/2013 07:10,219.654731401,235.382480115,247.252516779
12/15/2013 07:20,219.654731401,235.382480115,247.713926174
12/15/2013 07:30,219.654731401,235.382480115,247.713926174
12/15/2013 07:40,219.654731401,235.382480115,247.713926174
12/15/2013 07:50,219.654731401,235.382480115,244.442114094
12/15/2013 08:00,219.654731401,235.382480115,244.442114094
12/15/2013 08:10,218.673624347,233.683597356,243.980704698
12/15/2013 08:20,218.673624347,233.683597356,243.980704698
12/15/2013 08:30,219.897716049,234.38363931,245.364932886
12/15/2013 08:40,219.897716049,234.38363931,245.364932886
12/15/2013 08:50,220.206037203,231.236965402,244.90352349
12/15/2013 09:00,220.206037203,231.236965402,244.90352349
12/15/2013 09:10,209.171339495,229.400315747,236.094798658
12/15/2013 09:20,210.486219357,230.232026092,236.723993289
12/15/2013 09:30,183.264498086,185.86293023,168.41442953
12/15/2013 09:40,182.963976238,185.86293023,167.848154362
12/15/2013 09:50,182.963976238,185.86293023,167.848154362
12/15/2013 10:00,181.933669172,184.417891954,168.372483221
12/15/2013 10:10,181.933669172,184.417891954,167.218959732
12/15/2013 10:20,181.933669172,184.417891954,167.218959732
12/15/2013 10:30,181.933669172,184.417891954,167.281879195
12/15/2013 10:40,181.933669172,184.417891954,165.121644295
12/15/2013 10:50,181.933669172,184.417891954,165.121644295
12/15/2013 11:00,181.933669172,184.417891954,164.786073826
12/15/2013 11:10,181.933669172,184.417891954,164.702181208
12/15/2013 11:20,181.933669172,184.417891954,164.702181208
12/15/2013 11:30,181.933669172,184.417891954,164.681208054
12/15/2013 11:40,181.933669172,184.417891954,164.681208054
12/15/2013 11:50,181.933669172,184.417891954,164.848993289
12/15/2013 12:00,171.486625124,176.946905632,159.962248322
12/15/2013 12:10,167.542425628,173.525428391,149.203020134
12/15/2013 12:20,167.542425628,173.525428391,149.203020134
12/15/2013 12:30,162.897152461,171.842920345,145.931208054
12/15/2013 12:40,161.198916743,171.842920345,139.660234899
12/15/2013 12:50,161.198916743,171.842920345,139.660234899
12/15/2013 13:00,161.198916743,171.842920345,139.618288591
12/15/2013 13:10,161.198916743,171.842920345,139.828020134
12/15/2013 13:20,161.198916743,171.842920345,139.618288591
12/15/2013 13:30,161.198916743,171.842920345,139.723154362
12/15/2013 13:40,161.198916743,171.842920345,139.618288591
12/15/2013 13:50,161.198916743,171.842920345,139.828020134
12/15/2013 14:00,161.198916743,171.842920345,134.85738255
12/15/2013 14:10,161.198916743,171.842920345,134.962248322
12/15/2013 14:20,161.198916743,171.842920345,135.19295302
12/15/2013 14:30,161.198916743,171.842920345,135.19295302
12/15/2013 14:40,161.198916743,171.842920345,134.983221477
12/15/2013 14:50,161.198916743,171.842920345,135.19295302
12/15/2013 15:00,161.198916743,171.842920345,135.360738255
12/15/2013 15:10,161.198916743,171.842920345,134.207214765
12/15/2013 15:20,161.198916743,171.842920345,134.165268456
12/15/2013 15:30,161.198916743,171.842920345,134.165268456
12/15/2013 15:40,161.198916743,167.991455747,134.354026846
12/15/2013 15:50,161.198916743,167.991455747,134.354026846
12/15/2013 16:00,161.198916743,167.991455747,134.354026846
12/15/2013 16:10,161.582419294,168.398675287,134.500838926
12/15/2013 16:20,161.582419294,168.398675287,132.172818792
12/15/2013 16:30,161.582419294,168.398675287,132.172818792
12/15/2013 16:40,161.582419294,168.398675287,132.172818792
12/15/2013 16:50,161.582419294,168.398675287,132.655201342
12/15/2013 17:00,161.582419294,168.398675287,133.116610738
12/15/2013 17:10,161.3632971,168.208593218,132.55033557
12/15/2013 17:20,161.3632971,168.208593218,132.55033557
12/15/2013 17:30,166.963003207,175.307224943,135.213926174
12/15/2013 17:40,167.845099009,175.768667586,136.367449664
12/15/2013 17:50,167.845099009,175.768667586,136.367449664
12/15/2013 18:00,167.845099009,175.768667586,136.367449664
12/15/2013 18:10,167.845099009,175.768667586,136.367449664
12/15/2013 18:20,178.873757766,183.811534483,135.549496644
12/15/2013 18:30,178.873757766,183.811534483,135.549496644
12/15/2013 18:40,178.873757766,183.811534483,135.549496644
12/15/2013 18:50,178.873757766,183.811534483,135.549496644
12/15/2013 19:00,178.873757766,183.811534483,135.549496644
12/15/2013 19:10,178.873757766,183.811534483,135.423657718
12/15/2013 19:20,178.873757766,183.811534483,135.423657718
12/15/2013 19:30,178.873757766,183.811534483,135.423657718
12/15/2013 19:40,178.873757766,183.811534483,135.423657718
12/15/2013 19:50,178.873757766,183.811534483,134.941275168
12/15/2013 20:00,178.873757766,183.811534483,134.815436242
12/15/2013 20:10,178.873757766,183.811534483,134.542785235
12/15/2013 20:20,178.490255214,183.404314943,134.416946309
12/15/2013 20:30,178.490255214,183.404314943,135.004194631
12/15/2013 20:40,178.490255214,183.404314943,135.004194631
12/15/2013 20:50,178.490255214,183.404314943,135.004194631
12/15/2013 21:00,178.490255214,183.404314943,135.004194631
12/15/2013 21:10,111.732825,126.160621954,120.427852349
12/15/2013 21:20,111.732825,126.160621954,120.532718121
12/15/2013 21:30,111.732825,126.160621954,120.679530201
12/15/2013 21:40,111.732825,126.160621954,120.679530201
12/15/2013 21:50,111.732825,126.160621954,120.553691275
12/15/2013 22:00,111.732825,126.160621954,120.553691275
12/15/2013 22:10,109.755647959,125.010383218,118.099832215
12/15/2013 22:20,109.755647959,125.010383218,118.225671141
12/15/2013 22:30,111.732825,126.160621954,120.05033557
12/15/2013 22:40,111.732825,126.160621954,119.253355705
12/15/2013 22:50,111.732825,126.160621954,119.588926174
12/15/2013 23:00,111.732825,126.160621954,120.679530201
12/15/2013 23:10,111.095889828,125.523804023,120.260067114
12/15/2013 23:20,111.095889828,125.523804023,120.38590604
12/15/2013 23:30,111.095889828,125.523804023,120.38590604
12/15/2013 23:40,111.442082846,125.715796897,120.448825503
12/15/2013 23:50,111.442082846,125.715796897,120.448825503
12/16/2013 00:00,111.442082846,125.715796897,120.448825503
12/16/2013 00:10,111.442082846,125.715796897,120.448825503
12/16/2013 00:20,112.639891621,126.837674828,120.952181208
12/16/2013 00:30,112.639891621,126.837674828,120.973154362
12/16/2013 00:40,112.293698602,126.645681954,120.931208054
12/16/2013 00:50,112.293698602,126.645681954,120.931208054
12/16/2013 01:00,112.293698602,126.645681954,120.931208054
12/16/2013 01:10,112.293698602,126.645681954,120.197147651
12/16/2013 01:20,112.293698602,126.645681954,120.281040268
12/16/2013 01:30,112.293698602,126.645681954,120.281040268
12/16/2013 01:40,112.293698602,126.645681954,120.281040268
12/16/2013 01:50,112.293698602,126.645681954,120.281040268
12/16/2013 02:00,112.293698602,126.645681954,120.281040268
12/16/2013 02:10,112.293698602,126.645681954,120.092281879
12/16/2013 02:20,112.525583298,126.798712299,120.05033557
12/16/2013 02:30,112.525583298,126.798712299,120.05033557
12/16/2013 02:40,112.525583298,126.798712299,120.05033557
12/16/2013 02:50,112.525583298,126.798712299,120.113255034
12/16/2013 03:00,112.525583298,126.798712299,120.113255034
12/16/2013 03:10,112.525583298,126.798712299,120.113255034
12/16/2013 03:20,112.525583298,126.798712299,119.861577181
12/16/2013 03:30,113.597975646,127.299674713,120.742449664
12/16/2013 03:40,113.597975646,127.299674713,120.742449664
12/16/2013 03:50,113.5898422,127.352011724,120.931208054
12/16/2013 04:00,113.5898422,127.352011724,120.637583893
12/16/2013 04:10,113.5898422,127.352011724,123.238255034
12/16/2013 04:20,108.936272592,120.816692529,121.119966443
12/16/2013 04:30,108.936272592,120.816692529,121.119966443
12/16/2013 04:40,107.490426326,118.764158736,121.224832215
12/16/2013 04:50,108.533634438,119.346941839,122.084731544
12/16/2013 05:00,108.533634438,119.346941839,122.084731544
12/16/2013 05:10,108.533634438,119.346941839,121.686241611
12/16/2013 05:20,108.533634438,119.346941839,121.686241611
12/16/2013 05:30,108.533634438,119.346941839,123.322147651
12/16/2013 05:40,108.533634438,119.346941839,123.322147651
12/16/2013 05:50,108.533634438,119.346941839,123.322147651
12/16/2013 06:00,108.533634438,119.346941839,120.700503356
12/16/2013 06:10,108.533634438,119.346941839,120.38590604
12/16/2013 06:20,108.533634438,119.346941839,120.38590604
12/16/2013 06:30,108.533634438,119.346941839,120.38590604
12/16/2013 06:40,113.187204046,125.882261034,122.504194631
12/16/2013 06:50,113.187204046,125.882261034,122.713926174
12/16/2013 07:00,113.187204046,125.882261034,122.713926174
12/16/2013 07:10,113.187204046,125.882261034,122.630033557
12/16/2013 07:20,113.187204046,125.882261034,122.630033557
12/16/2013 07:30,113.187204046,125.882261034,122.630033557
12/16/2013 07:40,113.187204046,125.882261034,122.630033557
12/16/2013 07:50,113.187204046,125.882261034,122.630033557
12/16/2013 08:00,113.187204046,125.882261034,122.630033557
12/16/2013 08:10,101.086152941,117.338431724,117.323825503
12/16/2013 08:20,101.086152941,117.338431724,117.323825503
12/16/2013 08:30,99.8883441667,116.216553793,116.694630872
12/16/2013 08:40,99.8883441667,116.216553793,116.694630872
12/16/2013 08:50,99.8883441667,116.216553793,115.813758389
12/16/2013 09:00,99.8883441667,116.216553793,115.813758389
12/16/2013 09:10,99.8883441667,116.216553793,115.813758389
12/16/2013 09:20,99.8883441667,116.216553793,115.813758389
12/16/2013 09:30,99.8883441667,116.216553793,115.813758389
12/16/2013 09:40,97.8471264287,114.964445172,113.632550336
12/16/2013 09:50,97.8471264287,114.964445172,113.632550336
12/16/2013 10:00,97.8471264287,114.964445172,113.443791946
12/16/2013 10:10,96.8039183172,114.381662069,111.954697987
12/16/2013 10:20,96.8039183172,114.381662069,112.038590604
12/16/2013 10:30,96.8039183172,114.381662069,112.038590604
12/16/2013 10:40,96.8039183172,114.381662069,112.038590604
12/16/2013 10:50,96.8039183172,114.381662069,112.458053691
12/16/2013 11:00,96.8039183172,114.381662069,112.458053691
12/16/2013 11:10,96.8039183172,114.381662069,111.535234899
12/16/2013 11:20,97.8471264287,114.964445172,112.709731544
12/16/2013 11:30,97.8471264287,114.964445172,112.709731544
12/16/2013 11:40,92.3114610184,107.967683333,109.878355705
12/16/2013 11:50,92.3114610184,107.967683333,109.878355705
12/16/2013 12:00,92.5433457138,108.120713678,109.983221477
12/16/2013 12:10,92.5433457138,108.120713678,109.85738255
12/16/2013 12:20,97.1969153218,114.656032874,111.975671141
12/16/2013 12:30,97.1969153218,114.656032874,111.975671141
12/16/2013 12:40,97.1969153218,114.656032874,111.975671141
12/16/2013 12:50,97.1969153218,114.656032874,111.661073826
12/16/2013 13:00,97.1969153218,114.656032874,111.661073826
12/16/2013 13:10,97.1969153218,114.656032874,108.515100671
12/16/2013 13:20,96.9650306264,114.503002529,108.326342282
12/16/2013 13:30,96.9650306264,114.503002529,108.326342282
12/16/2013 13:40,96.9650306264,114.503002529,108.200503356
12/16/2013 13:50,96.9650306264,114.503002529,108.200503356
12/16/2013 14:00,96.9650306264,114.503002529,108.200503356
12/16/2013 14:10,96.741279377,114.297635172,108.305369128
12/16/2013 14:20,96.741279377,114.297635172,108.305369128
12/16/2013 14:30,96.741279377,114.297635172,108.305369128
12/16/2013 14:40,97.248609154,114.702717471,110.171979866
12/16/2013 14:50,97.248609154,114.702717471,110.171979866
12/16/2013 15:00,108.35777924,121.577277126,118.288590604
12/16/2013 15:10,107.971937711,121.56474023,119.484060403
12/16/2013 15:20,144.275091025,135.641834368,122.441275168
12/16/2013 15:30,144.275091025,135.641834368,122.441275168
12/16/2013 15:40,144.275091025,135.641834368,123.196308725
12/16/2013 15:50,144.275091025,135.641834368,123.196308725
12/16/2013 16:00,145.370172264,136.33063046,124.18204698
12/16/2013 16:10,157.263062578,145.166008046,129.215604027
12/16/2013 16:20,157.486813828,145.371375402,129.446308725
12/16/2013 16:30,157.486813828,145.371375402,129.530201342
12/16/2013 16:40,157.486813828,145.371375402,129.530201342
12/16/2013 16:50,157.486813828,145.371375402,129.530201342
12/16/2013 17:00,157.486813828,145.371375402,129.530201342
12/16/2013 17:10,157.486813828,145.371375402,129.320469799
12/16/2013 17:20,157.486813828,145.371375402,129.320469799
12/16/2013 17:30,157.486813828,145.371375402,129.865771812
12/16/2013 17:40,157.486813828,145.371375402,129.865771812
12/16/2013 17:50,157.486813828,145.371375402,129.865771812
12/16/2013 18:00,157.486813828,145.371375402,129.865771812
12/16/2013 18:10,157.486813828,145.371375402,129.865771812
12/16/2013 18:20,158.493934869,145.982737586,130.473993289
12/16/2013 18:30,158.493934869,149.834202184,130.641778523
12/16/2013 18:40,158.493934869,149.834202184,130.641778523
12/16/2013 18:50,158.493934869,149.834202184,130.641778523
12/16/2013 19:00,158.493934869,149.834202184,130.641778523
12/16/2013 19:10,158.493934869,149.834202184,131.082214765
12/16/2013 19:20,158.493934869,149.834202184,131.082214765
12/16/2013 19:30,158.493934869,149.834202184,131.082214765
12/16/2013 19:40,158.493934869,149.834202184,131.082214765
12/16/2013 19:50,158.493934869,149.834202184,131.795302013
12/16/2013 20:00,158.493934869,149.834202184,131.795302013
12/16/2013 20:10,157.486813828,149.22284,131.061241611
12/16/2013 20:20,157.486813828,149.22284,130.91442953
12/16/2013 20:30,157.486813828,149.22284,130.956375839
12/16/2013 20:40,159.185049546,149.22284,131.354865772
12/16/2013 20:50,159.185049546,149.22284,131.354865772
12/16/2013 21:00,159.185049546,149.22284,131.354865772
12/16/2013 21:10,159.185049546,149.22284,130.830536913
12/16/2013 21:20,159.185049546,149.22284,130.830536913
12/16/2013 21:30,159.185049546,149.22284,130.830536913
12/16/2013 21:40,159.185049546,149.22284,130.620805369
12/16/2013 21:50,159.185049546,149.22284,131.711409396
12/16/2013 22:00,160.131186045,149.786152529,133.619966443
12/16/2013 22:10,159.855251978,149.583572644,133.179530201
12/16/2013 22:20,159.855251978,149.583572644,133.179530201
12/16/2013 22:30,159.855251978,149.583572644,133.179530201
12/16/2013 22:40,159.855251978,149.583572644,133.179530201
12/16/2013 22:50,159.855251978,149.583572644,133.179530201
12/16/2013 23:00,158.78285963,149.08261023,132.298657718
12/16/2013 23:10,158.78285963,149.08261023,131.606543624
12/16/2013 23:20,158.78285963,149.08261023,131.606543624
12/16/2013 23:30,158.78285963,149.08261023,131.606543624
12/16/2013 23:40,158.78285963,149.08261023,131.690436242
12/16/2013 23:50,158.78285963,149.08261023,131.690436242
12/17/2013 00:00,158.78285963,149.08261023,131.690436242
12/17/2013 00:10,158.78285963,149.08261023,131.690436242
12/17/2013 00:20,158.78285963,149.08261023,131.690436242
12/17/2013 00:30,158.78285963,149.08261023,131.690436242
12/17/2013 00:40,157.963712457,148.596394023,131.124161074
12/17/2013 00:50,157.963712457,148.596394023,131.564597315
12/17/2013 01:00,159.161521232,149.718271954,132.193791946
12/17/2013 01:10,159.161521232,149.718271954,132.151845638
12/17/2013 01:20,159.161521232,149.718271954,132.151845638
12/17/2013 01:30,159.161521232,149.718271954,132.151845638
12/17/2013 01:40,159.161521232,149.718271954,132.151845638
12/17/2013 01:50,159.161521232,149.718271954,132.151845638
12/17/2013 02:00,159.161521232,149.718271954,132.151845638
12/17/2013 02:10,159.161521232,149.718271954,131.103187919
12/17/2013 02:20,159.161521232,149.718271954,131.103187919
12/17/2013 02:30,159.161521232,149.718271954,131.103187919
12/17/2013 02:40,157.463285514,149.718271954,130.704697987
12/17/2013 02:50,157.463285514,149.718271954,130.704697987
12/17/2013 03:00,157.463285514,149.718271954,130.704697987
12/17/2013 03:10,157.463285514,149.718271954,130.704697987
12/17/2013 03:20,157.463285514,149.718271954,130.704697987
12/17/2013 03:30,158.535677862,150.219234368,135.276845638
12/17/2013 03:40,158.535677862,150.219234368,135.109060403
12/17/2013 03:50,158.535677862,150.219234368,135.109060403
12/17/2013 04:00,158.535677862,150.219234368,136.367449664
12/17/2013 04:10,158.535677862,150.219234368,138.506711409
12/17/2013 04:20,158.535677862,150.219234368,138.674496644
12/17/2013 04:30,158.535677862,150.219234368,138.548657718
12/17/2013 04:40,158.535677862,150.219234368,138.569630872
12/17/2013 04:50,158.535677862,150.219234368,137.688758389
12/17/2013 05:00,158.535677862,150.219234368,137.688758389
12/17/2013 05:10,158.535677862,150.219234368,137.038590604
12/17/2013 05:20,158.535677862,150.219234368,136.870805369
12/17/2013 05:30,159.051866413,150.502216207,138.401845638
12/17/2013 05:40,154.398296805,143.966897011,136.031879195
12/17/2013 05:50,154.398296805,143.966897011,136.807885906
12/17/2013 06:00,154.398296805,143.966897011,136.975671141
12/17/2013 06:10,154.398296805,143.966897011,137.122483221
12/17/2013 06:20,154.398296805,143.966897011,137.227348993
12/17/2013 06:30,154.398296805,143.966897011,137.227348993
12/17/2013 06:40,154.398296805,143.966897011,137.227348993
12/17/2013 06:50,154.398296805,143.966897011,137.395134228
12/17/2013 07:00,154.398296805,143.966897011,137.227348993
12/17/2013 07:10,154.398296805,143.966897011,135.444630872
12/17/2013 07:20,154.398296805,143.966897011,135.507550336
12/17/2013 07:30,154.398296805,143.966897011,136.031879195
12/17/2013 07:40,154.398296805,143.966897011,136.031879195
12/17/2013 07:50,154.398296805,143.966897011,135.86409396
12/17/2013 08:00,154.398296805,143.966897011,135.927013423
12/17/2013 08:10,153.890967028,143.561814713,134.941275168
12/17/2013 08:20,153.291023547,143.190495057,134.85738255
12/17/2013 08:30,153.291023547,143.190495057,134.85738255
12/17/2013 08:40,153.291023547,143.190495057,134.270134228
12/17/2013 08:50,153.291023547,143.190495057,134.312080537
12/17/2013 09:00,153.291023547,143.190495057,134.312080537
12/17/2013 09:10,152.093214772,142.068617126,133.598993289
12/17/2013 09:20,152.093214772,142.068617126,133.598993289
12/17/2013 09:30,152.093214772,142.068617126,133.598993289
12/17/2013 09:40,152.093214772,142.068617126,133.724832215
12/17/2013 09:50,152.093214772,142.068617126,132.822986577
12/17/2013 10:00,152.093214772,142.068617126,132.822986577
12/17/2013 10:10,151.3603734,142.068617126,130.264261745
12/17/2013 10:20,152.052759437,142.452602874,131.270973154
12/17/2013 10:30,152.052759437,142.452602874,131.438758389
12/17/2013 10:40,152.052759437,142.452602874,131.25
12/17/2013 10:50,152.052759437,142.452602874,131.25
12/17/2013 11:10,157.819176726,150.372647586,135.738255034
12/17/2013 11:20,157.819176726,150.372647586,135.738255034
12/17/2013 11:30,157.819176726,150.372647586,135.738255034
12/17/2013 11:40,157.819176726,150.372647586,136.283557047
12/17/2013 11:50,157.819176726,150.372647586,136.283557047
12/17/2013 12:00,158.862384838,150.95543069,137.814597315
12/17/2013 12:10,158.862384838,150.95543069,137.751677852
12/17/2013 12:20,158.862384838,150.95543069,138.108221477
12/17/2013 12:30,159.420935762,150.95543069,138.443791946
12/17/2013 12:40,159.420935762,150.95543069,138.129194631
12/17/2013 12:50,159.420935762,150.95543069,138.296979866
12/17/2013 13:00,159.420935762,150.95543069,138.129194631
12/17/2013 13:10,161.11917148,150.95543069,138.905201342
12/17/2013 13:20,160.735668929,150.548211149,138.590604027
12/17/2013 13:30,160.735668929,150.548211149,138.590604027
12/17/2013 13:40,160.735668929,150.548211149,138.590604027
12/17/2013 13:50,160.735668929,150.548211149,139.366610738
12/17/2013 14:00,160.735668929,150.548211149,139.995805369
12/17/2013 14:10,159.692460817,146.113963448,138.129194631
12/17/2013 14:20,159.692460817,146.113963448,138.17114094
12/17/2013 14:30,159.692460817,146.113963448,138.464765101
12/17/2013 14:40,159.692460817,146.113963448,138.234060403
12/17/2013 14:50,159.692460817,146.113963448,138.234060403
12/17/2013 15:00,159.692460817,146.113963448,138.234060403
12/17/2013 15:10,159.692460817,146.113963448,138.234060403
12/17/2013 15:20,159.692460817,146.113963448,138.234060403
12/17/2013 15:30,159.00007478,145.729977701,137.667785235
12/17/2013 15:40,159.692460817,146.113963448,139.639261745
12/17/2013 15:50,159.692460817,146.113963448,139.639261745
12/17/2013 16:00,159.692460817,146.113963448,139.639261745
12/17/2013 16:10,124.781992982,132.03686931,137.856543624
12/17/2013 16:20,157.994225099,157.668357241,139.702181208
12/17/2013 16:30,157.994225099,157.668357241,139.282718121
12/17/2013 16:40,201.837506202,196.631012874,152.369966443
12/17/2013 16:50,201.837506202,196.631012874,152.369966443
12/17/2013 17:00,201.837506202,196.631012874,152.495805369
12/17/2013 17:10,201.613754953,196.425645517,152.411912752
12/17/2013 17:20,201.613754953,196.425645517,152.516778523
12/17/2013 17:30,201.613754953,196.425645517,152.516778523
12/17/2013 17:40,201.613754953,196.425645517,152.516778523
12/17/2013 17:50,201.613754953,196.425645517,152.516778523
12/17/2013 18:00,201.613754953,196.425645517,152.516778523
12/17/2013 18:10,190.198847184,188.975107241,144.882550336
12/17/2013 18:20,190.198847184,188.975107241,144.882550336
12/17/2013 18:30,190.198847184,188.975107241,144.882550336
12/17/2013 18:40,190.198847184,188.975107241,144.882550336
12/17/2013 18:50,190.198847184,188.975107241,144.882550336
12/17/2013 19:00,190.198847184,188.975107241,144.882550336
12/17/2013 19:10,162.674444368,164.374623448,138.338926174
12/17/2013 19:20,162.674444368,164.374623448,136.19966443
12/17/2013 19:30,162.674444368,164.374623448,136.19966443
12/17/2013 19:40,162.674444368,164.374623448,136.19966443
12/17/2013 19:50,162.674444368,164.374623448,136.19966443
12/17/2013 20:00,162.674444368,164.374623448,136.619127517
12/17/2013 20:10,162.115893444,164.374623448,135.843120805
12/17/2013 20:20,162.115893444,164.374623448,135.843120805
12/17/2013 20:30,162.115893444,164.374623448,135.843120805
12/17/2013 20:40,162.115893444,164.374623448,135.67533557
12/17/2013 20:50,159.024972247,164.374623448,134.647651007
12/17/2013 21:00,162.483748485,166.666143333,136.472315436
12/17/2013 21:10,162.483748485,166.666143333,136.472315436
12/17/2013 21:20,162.483748485,166.666143333,136.472315436
12/17/2013 21:30,162.483748485,166.666143333,136.472315436
12/17/2013 21:40,162.483748485,166.666143333,136.472315436
12/17/2013 21:50,162.483748485,166.666143333,136.430369128
12/17/2013 22:00,162.483748485,166.666143333,136.430369128
12/17/2013 22:20,159.311802525,165.271312069,133.326342282
12/17/2013 22:30,159.311802525,165.271312069,133.473154362
12/17/2013 22:40,159.695305077,165.678531609,133.829697987
12/17/2013 22:50,159.19497593,164.973237011,132.990771812
12/17/2013 23:00,107.13107962,119.275329655,117.701342282
12/17/2013 23:10,107.13107962,118.705083448,116.77852349
12/17/2013 23:20,107.13107962,118.705083448,116.988255034
12/17/2013 23:30,107.13107962,118.705083448,116.988255034
12/17/2013 23:40,107.13107962,118.705083448,116.988255034
12/17/2013 23:50,107.13107962,118.705083448,117.218959732
12/18/2013 00:00,107.337969047,118.705083448,118.225671141
12/18/2013 00:10,106.954466495,118.297863908,117.994966443
12/18/2013 00:20,106.954466495,118.297863908,118.099832215
12/18/2013 00:30,106.954466495,118.297863908,118.099832215
12/18/2013 00:40,106.954466495,118.297863908,118.099832215
12/18/2013 00:50,106.954466495,118.297863908,118.099832215
12/18/2013 01:00,106.954466495,118.297863908,118.099832215
12/18/2013 01:10,108.652702214,118.297863908,119.106543624
12/18/2013 01:20,108.652702214,118.297863908,119.106543624
12/18/2013 01:30,108.652702214,118.297863908,119.106543624
12/18/2013 01:40,108.652702214,118.297863908,119.106543624
12/18/2013 01:50,108.652702214,123.239995402,120.071308725
12/18/2013 02:00,108.652702214,123.239995402,120.071308725
12/18/2013 02:10,108.652702214,123.239995402,119.966442953
12/18/2013 02:20,108.652702214,123.239995402,119.966442953
12/18/2013 02:30,108.652702214,123.239995402,119.966442953
12/18/2013 02:40,109.732902018,123.914386897,121.245805369
12/18/2013 02:50,109.732902018,123.914386897,121.245805369
12/18/2013 03:00,113.395715272,127.697017356,123.112416107
12/18/2013 03:10,113.395715272,127.697017356,122.965604027
12/18/2013 03:20,112.323322924,127.196054943,121.916946309
12/18/2013 03:30,111.665956341,127.196054943,120.490771812
12/18/2013 03:40,111.665956341,127.196054943,120.490771812
12/18/2013 03:50,111.665956341,127.196054943,120.490771812
12/18/2013 04:00,111.665956341,127.196054943,120.364932886
12/18/2013 04:10,108.207180103,124.904535057,118.645134228
12/18/2013 04:20,106.508944385,124.904535057,117.638422819
12/18/2013 04:30,109.967720623,127.196054943,120.23909396
12/18/2013 04:40,110.191471872,127.401422299,121.707214765
12/18/2013 04:50,110.191471872,127.401422299,121.812080537
12/18/2013 05:00,110.191471872,127.401422299,122.042785235
12/18/2013 05:10,110.191471872,127.401422299,122.042785235
12/18/2013 05:20,110.191471872,127.401422299,122.042785235
12/18/2013 05:30,110.191471872,127.401422299,122.462248322
12/18/2013 05:40,110.191471872,127.401422299,122.483221477
12/18/2013 05:50,110.191471872,127.930846437,123.133389262
12/18/2013 06:00,110.191471872,127.930846437,123.133389262
12/18/2013 06:10,110.191471872,127.930846437,123.615771812
12/18/2013 06:20,110.191471872,127.930846437,123.993288591
12/18/2013 06:30,111.781617523,129.29982046,125.964765101
12/18/2013 06:40,111.781617523,129.29982046,125.964765101
12/18/2013 06:50,111.781617523,129.29982046,125.776006711
12/18/2013 07:00,111.781617523,129.29982046,126.174496644
12/18/2013 07:10,111.781617523,129.29982046,126.384228188
12/18/2013 07:20,111.781617523,129.29982046,126.384228188
12/18/2013 07:30,111.781617523,129.29982046,126.384228188
12/18/2013 07:40,111.781617523,129.29982046,126.384228188
12/18/2013 07:50,111.265428972,124.074707126,123.888422819
12/18/2013 08:00,111.265428972,124.074707126,123.888422819
12/18/2013 08:10,100.194684933,115.530877816,123.385067114
12/18/2013 08:20,111.265428972,124.074707126,123.888422819
12/18/2013 08:30,111.265428972,124.074707126,123.888422819
12/18/2013 08:40,111.265428972,124.074707126,123.888422819
12/18/2013 08:50,111.265428972,124.074707126,123.888422819
12/18/2013 09:00,111.265428972,124.074707126,123.888422819
12/18/2013 09:10,111.265428972,124.074707126,123.888422819
12/18/2013 09:20,106.72645293,121.108795747,118.015939597
12/18/2013 09:30,106.72645293,121.108795747,118.015939597
12/18/2013 09:40,106.72645293,121.108795747,118.015939597
12/18/2013 09:50,106.72645293,121.108795747,118.015939597
12/18/2013 10:00,106.72645293,121.108795747,117.764261745
12/18/2013 10:10,91.7860062092,108.782335977,114.345637584
12/18/2013 10:20,91.7860062092,108.782335977,114.345637584
12/18/2013 10:30,91.7860062092,108.782335977,114.345637584
12/18/2013 10:40,91.7860062092,108.782335977,114.282718121
12/18/2013 10:50,91.7860062092,108.782335977,114.282718121
12/18/2013 11:00,91.7860062092,108.782335977,114.282718121
12/18/2013 11:10,91.7860062092,108.782335977,114.198825503
12/18/2013 11:20,91.7860062092,108.782335977,114.198825503
12/18/2013 11:30,91.7860062092,108.782335977,114.198825503
12/18/2013 11:40,91.7860062092,108.782335977,114.198825503
12/18/2013 11:50,91.7860062092,108.782335977,114.198825503
12/18/2013 12:00,91.7860062092,108.782335977,114.198825503
12/18/2013 12:10,91.7860062092,108.782335977,114.198825503
12/18/2013 12:20,91.7860062092,108.782335977,114.198825503
12/18/2013 12:30,91.7860062092,108.782335977,114.052013423
12/18/2013 12:40,91.7860062092,108.782335977,114.052013423
12/18/2013 12:50,91.7860062092,108.782335977,114.052013423
12/18/2013 13:00,92.2933359862,109.187418276,118.519295302
12/18/2013 13:10,92.0695847368,108.98205092,118.057885906
12/18/2013 13:20,92.0695847368,108.98205092,118.057885906
12/18/2013 13:30,92.0695847368,108.98205092,118.057885906
12/18/2013 13:40,92.0695847368,108.98205092,118.057885906
12/18/2013 13:50,92.0695847368,108.98205092,118.057885906
12/18/2013 14:00,92.0695847368,108.98205092,118.057885906
12/18/2013 14:10,92.0695847368,108.98205092,118.057885906
12/18/2013 14:20,92.0695847368,108.98205092,122.651006711
12/18/2013 14:30,92.0695847368,108.98205092,123.02852349
12/18/2013 14:40,92.0695847368,108.98205092,123.02852349
12/18/2013 14:50,92.0695847368,108.98205092,123.02852349
12/18/2013 15:00,92.0695847368,108.98205092,123.02852349
12/18/2013 15:10,92.0695847368,108.98205092,123.02852349
12/18/2013 15:20,92.0695847368,108.98205092,123.02852349
12/18/2013 15:30,92.0695847368,108.98205092,123.02852349
12/18/2013 15:40,92.0695847368,108.98205092,124.748322148
12/18/2013 15:50,92.0695847368,108.98205092,124.748322148
12/18/2013 16:00,92.0695847368,108.98205092,124.748322148
12/18/2013 16:10,92.0695847368,108.98205092,124.643456376
12/18/2013 16:20,92.0695847368,108.98205092,124.811241611
12/18/2013 16:30,92.0695847368,108.98205092,125.838926174
12/18/2013 16:40,92.0695847368,108.98205092,125.838926174
12/18/2013 16:50,92.0695847368,108.98205092,126.090604027
12/18/2013 17:00,103.229584774,137.571112874,143.875838926
12/18/2013 17:10,103.229584774,137.571112874,143.687080537
12/18/2013 17:20,103.229584774,137.571112874,144.630872483
12/18/2013 17:30,103.229584774,137.571112874,144.630872483
12/18/2013 17:40,103.229584774,137.571112874,144.630872483
12/18/2013 18:00,103.545664485,137.984292184,145.742449664
12/18/2013 18:10,104.061853036,138.267274023,144.609899329
12/18/2013 18:20,104.061853036,138.267274023,145.302013423
12/18/2013 18:30,127.264250468,166.120534598,152.139261745
12/18/2013 18:40,127.264250468,166.120534598,152.139261745
12/18/2013 18:50,127.264250468,166.120534598,152.139261745
12/18/2013 19:00,127.264250468,166.120534598,152.139261745
12/18/2013 19:10,127.264250468,166.120534598,150.587248322
12/18/2013 19:20,127.264250468,166.120534598,150.587248322
12/18/2013 19:30,127.264250468,166.120534598,150.587248322
12/18/2013 19:40,127.264250468,166.120534598,150.587248322
12/18/2013 19:50,127.264250468,166.120534598,150.587248322
12/18/2013 20:00,127.264250468,166.120534598,150.587248322
12/18/2013 20:10,127.264250468,166.120534598,150.587248322
12/18/2013 20:20,127.264250468,166.120534598,150.587248322
12/18/2013 20:30,127.264250468,166.120534598,150.524328859
12/18/2013 20:40,127.264250468,166.120534598,150.524328859
12/18/2013 20:50,127.264250468,166.120534598,148.322147651
12/18/2013 21:00,127.264250468,166.120534598,148.322147651
12/18/2013 21:10,127.264250468,166.120534598,148.259228188
12/18/2013 21:20,127.264250468,166.120534598,148.259228188
12/18/2013 21:30,127.264250468,166.120534598,148.259228188
12/18/2013 21:40,128.462059243,167.242412529,149.056208054
12/18/2013 21:50,128.462059243,167.242412529,149.056208054
12/18/2013 22:00,128.462059243,167.242412529,149.056208054
12/18/2013 22:10,128.462059243,167.242412529,149.056208054
12/18/2013 22:20,128.462059243,167.242412529,149.056208054
12/18/2013 22:30,128.462059243,167.242412529,149.056208054
12/18/2013 22:40,128.462059243,167.242412529,149.056208054
12/18/2013 22:50,128.462059243,167.242412529,149.056208054
12/18/2013 23:00,128.462059243,167.242412529,149.056208054
12/18/2013 23:10,128.462059243,167.242412529,149.056208054
12/18/2013 23:20,128.462059243,167.242412529,149.056208054
12/18/2013 23:30,128.462059243,167.242412529,149.056208054
12/18/2013 23:40,128.462059243,167.242412529,149.056208054
12/18/2013 23:50,128.462059243,167.242412529,148.909395973
12/19/2013 00:00,128.462059243,167.242412529,148.909395973
12/19/2013 00:10,128.462059243,167.242412529,148.909395973
12/19/2013 00:20,128.462059243,167.242412529,148.783557047
12/19/2013 00:30,128.462059243,167.242412529,148.804530201
12/19/2013 00:40,128.462059243,167.242412529,148.657718121
12/19/2013 00:50,128.462059243,167.242412529,148.657718121
12/19/2013 01:00,128.462059243,167.242412529,148.657718121
12/19/2013 01:10,133.678800679,172.382563563,152.78942953
12/19/2013 01:20,133.678800679,172.382563563,153.229865772
12/19/2013 01:30,133.678800679,172.382563563,153.229865772
12/19/2013 01:40,133.678800679,172.382563563,153.229865772
12/19/2013 01:50,133.678800679,172.382563563,153.229865772
12/19/2013 02:00,133.678800679,172.382563563,153.229865772
12/19/2013 02:10,132.124872497,171.025042989,151.803691275
12/19/2013 02:20,128.462059243,167.242412529,148.657718121
12/19/2013 02:30,128.462059243,167.242412529,148.657718121
12/19/2013 02:40,128.462059243,167.242412529,148.720637584
12/19/2013 02:50,128.462059243,167.242412529,148.720637584
12/19/2013 03:00,128.462059243,167.242412529,148.720637584
12/19/2013 03:10,128.462059243,167.242412529,148.720637584
12/19/2013 03:20,129.534451591,167.743374943,149.916107383
12/19/2013 03:30,129.534451591,167.743374943,154.530201342
12/19/2013 03:40,129.534451591,167.743374943,154.530201342
12/19/2013 03:50,129.534451591,167.743374943,154.530201342
12/19/2013 04:00,129.534451591,167.743374943,154.530201342
12/19/2013 04:10,129.534451591,167.743374943,154.76090604
12/19/2013 04:20,133.79734687,170.347308736,169.358221477
12/19/2013 04:30,134.1176074,170.347308736,169.819630872
12/19/2013 04:40,135.039262064,171.111735747,174.265939597
12/19/2013 04:50,140.60867557,175.987719655,193.456375839
12/19/2013 05:00,140.60867557,175.987719655,195.763422819
12/19/2013 05:10,140.60867557,175.987719655,195.343959732
12/19/2013 05:20,140.60867557,175.987719655,195.343959732
12/19/2013 05:30,140.60867557,175.987719655,197.944630872
12/19/2013 05:40,140.60867557,175.987719655,197.944630872
12/19/2013 05:50,140.60867557,175.987719655,197.986577181
12/19/2013 06:00,140.60867557,175.987719655,197.944630872
12/19/2013 06:10,140.60867557,175.987719655,197.944630872
12/19/2013 06:20,140.60867557,175.987719655,197.944630872
12/19/2013 06:30,140.60867557,175.987719655,198.259228188
12/19/2013 06:40,140.60867557,175.987719655,198.259228188
12/19/2013 06:50,140.60867557,175.987719655,197.923657718
12/19/2013 07:00,140.60867557,175.987719655,197.923657718
12/19/2013 07:10,140.60867557,175.987719655,197.776845638
12/19/2013 07:20,140.60867557,175.987719655,198.112416107
12/19/2013 07:30,140.60867557,175.987719655,198.112416107
12/19/2013 07:40,140.60867557,175.987719655,198.112416107
12/19/2013 08:00,140.60867557,175.987719655,197.189597315
12/19/2013 08:10,139.785266082,175.169458046,187.395134228
12/19/2013 08:20,139.785266082,175.169458046,187.395134228
12/19/2013 08:30,139.785266082,175.169458046,187.101510067
12/19/2013 08:40,139.785266082,175.169458046,186.765939597
12/19/2013 08:50,139.785266082,175.169458046,187.437080537
12/19/2013 09:00,139.785266082,175.169458046,186.765939597
12/19/2013 09:10,139.785266082,175.169458046,187.416107383
12/19/2013 09:20,139.785266082,175.169458046,187.080536913
12/19/2013 09:30,229.445932889,271.140973678,316.694630872
12/19/2013 09:40,229.445932889,271.140973678,316.694630872
12/19/2013 09:50,229.445932889,271.140973678,317.030201342
12/19/2013 10:00,229.445932889,271.140973678,316.757550336
12/19/2013 10:10,229.445932889,271.140973678,316.736577181
12/19/2013 10:20,229.445932889,271.140973678,316.401006711
12/19/2013 10:30,229.445932889,271.140973678,316.736577181
12/19/2013 10:40,229.445932889,271.140973678,316.862416107
12/19/2013 10:50,229.445932889,271.140973678,316.862416107
12/19/2013 11:00,229.445932889,271.140973678,316.862416107
12/19/2013 11:10,229.445932889,271.140973678,316.526845638
12/19/2013 11:20,229.445932889,271.140973678,316.862416107
12/19/2013 11:30,229.445932889,271.140973678,316.526845638
12/19/2013 11:40,229.445932889,271.140973678,316.862416107
12/19/2013 11:50,229.445932889,271.140973678,316.799496644
12/19/2013 12:00,234.176615383,271.704286207,321.224832215
12/19/2013 12:10,234.176615383,271.704286207,320.994127517
12/19/2013 12:20,234.899562964,272.28706931,321.791107383
12/19/2013 12:30,234.899562964,272.28706931,321.791107383
12/19/2013 12:40,234.899562964,272.28706931,321.119966443
12/19/2013 12:50,234.899562964,272.28706931,321.916946309
12/19/2013 13:00,238.745183148,275.267855517,326.279362416
12/19/2013 13:10,238.745183148,275.267855517,325.713087248
12/19/2013 13:20,238.745183148,275.267855517,326.048657718
12/19/2013 13:30,238.745183148,275.267855517,326.048657718
12/19/2013 13:40,243.398752756,281.803174713,327.768456376
12/19/2013 13:50,243.398752756,281.803174713,327.579697987
12/19/2013 14:10,243.398752756,281.009038506,328.670302013
12/19/2013 14:20,243.398752756,281.009038506,328.670302013
12/19/2013 14:30,243.398752756,281.009038506,328.670302013
12/19/2013 14:40,243.398752756,281.009038506,330.453020134
12/19/2013 14:50,243.910410048,281.267068506,331.124161074
12/19/2013 15:00,243.910410048,281.267068506,332.445469799
12/19/2013 15:10,243.910410048,281.267068506,332.697147651
12/19/2013 15:20,243.910410048,281.267068506,333.07466443
12/19/2013 15:30,250.812184617,284.680897816,344.484060403
12/19/2013 15:40,250.812184617,284.680897816,346.958892617
12/19/2013 15:50,250.812184617,284.680897816,351.132550336
12/19/2013 16:00,257.169686615,288.58632092,367.323825503
12/19/2013 16:10,257.169686615,288.58632092,369.90352349
12/19/2013 16:20,257.169686615,288.58632092,379.446308725
12/19/2013 16:30,267.60176773,294.414151954,392.575503356
12/19/2013 16:40,276.818314374,302.058422069,404.928691275
12/19/2013 16:50,276.818314374,302.058422069,405.327181208
12/19/2013 17:00,276.818314374,302.058422069,412.248322148
12/19/2013 17:10,280.722865363,304.403969885,416.212248322
12/19/2013 17:20,283.118482913,306.647725747,416.317114094
12/19/2013 17:30,283.118482913,306.647725747,416.29614094
12/19/2013 17:40,283.118482913,306.647725747,416.065436242
12/19/2013 17:50,283.118482913,307.33393092,416.946308725
12/19/2013 18:00,283.118482913,307.33393092,416.946308725
12/19/2013 18:10,283.118482913,307.33393092,416.526845638
12/19/2013 18:20,283.118482913,307.33393092,416.568791946
12/19/2013 18:30,283.118482913,307.33393092,416.568791946
12/19/2013 18:40,283.118482913,307.33393092,416.610738255
12/19/2013 18:50,283.118482913,307.33393092,416.610738255
12/19/2013 19:00,283.118482913,307.33393092,416.610738255
12/19/2013 19:10,283.118482913,307.33393092,415.708892617
12/19/2013 19:20,283.118482913,307.33393092,415.708892617
12/19/2013 19:30,283.118482913,307.33393092,414.932885906
12/19/2013 19:40,283.118482913,307.33393092,414.932885906
12/19/2013 19:50,283.118482913,307.33393092,414.932885906
12/19/2013 20:00,283.118482913,307.33393092,414.932885906
12/19/2013 20:10,283.118482913,307.33393092,414.932885906
12/19/2013 20:20,279.685076832,305.734682644,410.570469799
12/19/2013 20:30,279.685076832,305.734682644,410.570469799
12/19/2013 20:40,269.252995717,299.906851609,393.791946309
12/19/2013 20:50,269.252995717,299.906851609,387.709731544
12/19/2013 21:00,269.252995717,299.906851609,387.458053691
12/19/2013 21:10,260.036449074,292.262581494,375.566275168
12/19/2013 21:20,260.036449074,292.262581494,375.587248322
12/19/2013 21:30,260.036449074,292.262581494,375.67114094
12/19/2013 21:40,260.036449074,292.262581494,375.67114094
12/19/2013 21:50,260.036449074,292.262581494,375.67114094
12/19/2013 22:00,248.876449037,263.67351954,357.55033557
12/19/2013 22:10,248.876449037,263.67351954,357.55033557
12/19/2013 22:20,248.876449037,263.67351954,357.718120805
12/19/2013 22:30,248.876449037,263.67351954,357.718120805
12/19/2013 22:40,248.876449037,263.67351954,359.249161074
12/19/2013 22:50,248.876449037,263.67351954,359.249161074
12/19/2013 23:00,248.876449037,263.67351954,359.186241611
12/19/2013 23:10,244.222879429,257.138200345,357.781040268
12/19/2013 23:20,241.589525667,255.186443218,354.697986577
12/19/2013 23:30,242.632733778,255.769226322,355.76761745
12/19/2013 23:40,242.632733778,255.769226322,355.76761745
12/19/2013 23:50,242.632733778,255.769226322,355.746644295
12/20/2013 00:00,242.632733778,255.769226322,355.746644295
12/20/2013 00:10,247.286303386,262.304545517,357.06795302
12/20/2013 00:20,247.286303386,262.304545517,357.06795302
12/20/2013 00:30,230.411832526,242.047628736,352.684563758
12/20/2013 00:40,230.411832526,242.047628736,352.684563758
12/20/2013 00:50,230.411832526,242.047628736,353.208892617
12/20/2013 01:00,230.411832526,242.047628736,353.208892617
12/20/2013 01:10,230.411832526,242.047628736,353.208892617
12/20/2013 01:20,230.411832526,242.047628736,353.208892617
12/20/2013 01:30,230.411832526,242.047628736,353.586409396
12/20/2013 01:40,230.411832526,242.047628736,354.089765101
12/20/2013 01:50,230.411832526,242.047628736,354.089765101
12/20/2013 02:00,230.411832526,242.047628736,354.257550336
12/20/2013 02:10,230.411832526,242.047628736,354.257550336
12/20/2013 02:20,230.411832526,242.047628736,354.488255034
12/20/2013 02:30,230.411832526,242.047628736,354.488255034
12/20/2013 02:40,230.411832526,242.047628736,354.488255034
12/20/2013 02:50,230.919162303,242.452711034,355.998322148
12/20/2013 03:00,230.919162303,242.452711034,355.998322148
12/20/2013 03:10,230.919162303,242.452711034,355.998322148
12/20/2013 03:20,230.919162303,242.452711034,356.480704698
12/20/2013 03:30,270.5471834,292.807845862,424.538590604
12/20/2013 03:40,270.5471834,292.807845862,426.468120805
12/20/2013 03:50,275.161927621,296.38478931,429.236577181
12/20/2013 04:00,275.161927621,296.38478931,431.124161074
12/20/2013 04:10,275.161927621,296.38478931,430.998322148
12/20/2013 04:20,275.161927621,296.38478931,423.84647651
12/20/2013 04:30,275.161927621,296.38478931,426.845637584
12/20/2013 04:40,275.161927621,296.38478931,427.097315436
12/20/2013 04:50,275.161927621,296.38478931,425.440436242
12/20/2013 05:00,275.161927621,296.38478931,425.650167785
12/20/2013 05:10,279.455221451,298.672678046,432.109899329
12/20/2013 05:20,279.455221451,298.672678046,432.109899329
12/20/2013 05:30,279.455221451,298.672678046,426.593959732
12/20/2013 05:40,274.801651843,292.137358851,434.437919463
12/20/2013 05:50,274.801651843,292.137358851,434.626677852
12/20/2013 06:00,279.455221451,298.672678046,435.86409396
12/20/2013 06:10,279.455221451,298.672678046,436.535234899
12/20/2013 06:20,279.455221451,298.672678046,436.535234899
12/20/2013 06:30,281.21732672,303.18674046,439.974832215
12/20/2013 06:40,281.21732672,303.18674046,439.974832215
12/20/2013 06:50,281.21732672,303.18674046,439.911912752
12/20/2013 07:00,281.21732672,303.18674046,439.974832215
12/20/2013 07:10,286.579321064,305.886361379,445.406879195
12/20/2013 07:20,286.579321064,305.886361379,445.406879195
12/20/2013 07:30,286.579321064,305.886361379,445.406879195
12/20/2013 07:40,286.579321064,305.886361379,449.265939597
12/20/2013 07:50,286.579321064,305.886361379,449.265939597
12/20/2013 08:00,286.579321064,305.886361379,449.265939597
12/20/2013 08:10,286.579321064,305.886361379,449.223993289
12/20/2013 08:20,286.579321064,305.886361379,449.223993289
12/20/2013 08:30,286.579321064,305.886361379,449.223993289
12/20/2013 08:40,286.579321064,305.886361379,449.391778523
12/20/2013 08:50,286.579321064,305.886361379,449.370805369
12/20/2013 09:00,286.579321064,305.886361379,450.713087248
12/20/2013 09:10,288.277556783,305.886361379,451.48909396
12/20/2013 09:20,288.277556783,305.886361379,451.698825503
12/20/2013 09:30,324.184135352,375.486282529,511.283557047
12/20/2013 09:40,323.676805575,375.08120023,509.312080537
12/20/2013 09:50,323.676805575,375.08120023,509.165268456
12/20/2013 10:00,323.676805575,375.08120023,508.976510067
12/20/2013 10:10,323.676805575,375.08120023,509.144295302
12/20/2013 10:20,323.676805575,375.08120023,511.052852349
12/20/2013 10:30,323.676805575,375.08120023,511.241610738
12/20/2013 10:40,323.676805575,375.08120023,511.241610738
12/20/2013 11:00,323.676805575,375.08120023,510.86409396
12/20/2013 11:10,323.676805575,375.08120023,510.213926174
12/20/2013 11:20,323.333464967,374.921275402,509.731543624
12/20/2013 11:30,323.676805575,375.08120023,508.829697987
12/20/2013 11:40,327.46135157,377.334450345,511.073825503
12/20/2013 11:50,327.46135157,377.334450345,511.723993289
12/20/2013 12:00,327.46135157,377.334450345,514.47147651
12/20/2013 12:10,325.763115852,377.334450345,512.541946309
12/20/2013 12:20,325.763115852,377.334450345,515.520134228
12/20/2013 12:30,325.763115852,377.334450345,516.149328859
12/20/2013 12:40,325.763115852,377.334450345,516.317114094
12/20/2013 12:50,325.763115852,377.334450345,515.729865772
12/20/2013 13:00,325.763115852,377.334450345,515.331375839
12/20/2013 13:10,325.763115852,377.334450345,515.268456376
12/20/2013 13:30,334.254294444,377.334450345,514.744127517
12/20/2013 13:40,334.254294444,377.334450345,514.072986577
12/20/2013 13:50,334.254294444,376.648245172,523.322147651
12/20/2013 14:00,334.254294444,377.334450345,523.678691275
12/20/2013 14:10,334.254294444,377.334450345,523.301174497
12/20/2013 14:20,334.254294444,377.334450345,523.783557047
12/20/2013 14:30,334.254294444,377.334450345,523.615771812
12/20/2013 14:50,343.470841087,384.97872046,535.738255034
12/20/2013 15:00,344.630264564,385.743872184,537.520973154
12/20/2013 15:10,338.302337992,378.147528391,536.283557047
12/20/2013 15:21,338.302337992,378.147528391,535.822147651
12/20/2013 15:40,364.963446468,394.409877816,577.810402685
12/20/2013 15:50,378.255240511,401.573608621,596.329697987
12/20/2013 16:00,378.255240511,401.573608621,595.784395973
12/20/2013 16:10,381.688646592,403.172856897,608.179530201
12/20/2013 16:20,381.688646592,403.172856897,615.645973154
12/20/2013 16:30,381.688646592,403.172856897,616.065436242
12/20/2013 16:40,381.688646592,403.172856897,616.128355705
12/20/2013 16:50,377.395352762,400.884968161,610.067114094
12/20/2013 17:00,384.811042105,404.836775977,624.412751678
12/20/2013 17:10,378.959663722,397.179578851,623.02852349
12/20/2013 17:20,383.61323333,403.714898046,624.433724832
12/20/2013 17:30,383.61323333,403.714898046,624.433724832
12/20/2013 17:41,383.61323333,403.714898046,623.741610738
12/20/2013 17:50,383.61323333,403.714898046,623.930369128
12/20/2013 18:00,384.689570157,403.714898046,624.559563758
12/20/2013 18:10,384.689570157,403.714898046,625.314597315
12/20/2013 18:20,387.099914294,403.714898046,627.286073826
12/20/2013 18:30,386.023577467,403.714898046,626.552013423
12/20/2013 18:40,386.023577467,403.714898046,626.468120805
12/20/2013 18:50,386.023577467,403.714898046,626.572986577
12/20/2013 19:00,372.731783423,396.551167241,611.912751678
12/20/2013 19:10,372.731783423,400.210928161,616.484899329
12/20/2013 19:20,372.731783423,400.210928161,615.876677852
12/20/2013 19:30,372.731783423,400.210928161,616.086409396
12/20/2013 19:40,372.731783423,400.210928161,615.918624161
12/20/2013 19:50,372.731783423,400.210928161,615.813758389
12/20/2013 20:00,372.731783423,400.210928161,615.918624161
12/20/2013 20:11,372.731783423,400.210928161,615.541107383
12/20/2013 20:20,372.731783423,400.210928161,615.666946309
12/20/2013 20:30,372.731783423,400.210928161,621.854026846
12/20/2013 20:40,372.731783423,400.210928161,621.916946309
12/20/2013 20:50,372.731783423,400.210928161,622.021812081
12/20/2013 21:00,372.731783423,400.210928161,621.916946309
12/20/2013 21:20,378.496472961,400.210928161,628.901006711
12/20/2013 21:30,378.496472961,362.887291379,620.218120805
12/20/2013 21:40,378.496472961,362.887291379,620.700503356
12/20/2013 22:00,388.729423205,370.338607241,636.556208054
12/20/2013 22:10,388.729423205,370.338607241,635.297818792
12/20/2013 22:20,388.729423205,370.338607241,635.171979866
12/20/2013 22:30,388.729423205,370.338607241,635.234899329
12/20/2013 22:40,388.729423205,370.338607241,635.339765101
12/20/2013 22:50,388.729423205,370.338607241,635.234899329
12/20/2013 23:00,388.729423205,370.338607241,635.402684564
12/20/2013 23:10,401.742479674,380.828703103,652.390939597
12/20/2013 23:20,401.742479674,380.828703103,652.390939597
12/20/2013 23:30,401.742479674,380.828703103,652.265100671
12/20/2013 23:40,401.071225925,380.212601034,651.384228188
12/20/2013 23:50,401.071225925,380.212601034,651.279362416
12/21/2013 00:00,401.071225925,375.866634943,645.595637584
12/21/2013 00:10,401.071225925,375.866634943,645.553691275
12/21/2013 00:20,401.071225925,375.866634943,646.686241611
12/21/2013 00:30,401.071225925,375.866634943,646.791107383
12/21/2013 00:40,401.071225925,375.866634943,646.686241611
12/21/2013 00:50,401.071225925,375.866634943,646.518456376
12/21/2013 01:00,401.071225925,375.866634943,646.686241611
12/21/2013 01:10,401.071225925,375.866634943,646.686241611
12/21/2013 01:20,401.071225925,375.866634943,646.602348993
12/21/2013 01:30,401.071225925,375.866634943,647.063758389
12/21/2013 01:40,401.071225925,375.866634943,647.063758389
12/21/2013 01:50,401.071225925,375.866634943,647.063758389
12/21/2013 02:00,401.071225925,375.866634943,647.126677852
12/21/2013 02:10,401.071225925,375.866634943,646.791107383
12/21/2013 02:20,401.071225925,376.131347011,647.063758389
12/21/2013 02:30,401.071225925,376.131347011,653.376677852
12/21/2013 02:50,401.071225925,376.131347011,653.376677852
12/21/2013 03:00,401.071225925,376.131347011,653.376677852
12/21/2013 03:10,401.071225925,376.131347011,653.670302013
12/21/2013 03:20,401.071225925,376.131347011,653.817114094
12/21/2013 03:30,429.361289149,403.250998391,765.813758389
12/21/2013 03:41,429.361289149,403.250998391,765.813758389
12/21/2013 03:50,429.361289149,403.250998391,766.233221477
12/21/2013 04:00,431.004709683,403.250998391,767.680369128
12/21/2013 04:10,431.004709683,403.250998391,767.554530201
12/21/2013 04:31,431.004709683,403.250998391,769.316275168
12/21/2013 04:40,431.004709683,403.250998391,768.498322148
12/21/2013 04:50,431.004709683,403.250998391,769.148489933
12/21/2013 05:10,431.004709683,403.250998391,768.288590604
12/21/2013 05:21,431.004709683,403.250998391,764.555369128
12/21/2013 05:30,434.969006454,406.386206322,773.720637584
12/21/2013 05:40,434.969006454,406.386206322,777.160234899
12/21/2013 05:51,434.969006454,406.386206322,777.726510067
12/21/2013 06:00,434.969006454,406.386206322,777.894295302
12/21/2013 06:10,434.969006454,406.386206322,777.118288591
12/21/2013 06:20,434.969006454,406.386206322,777.390939597
12/21/2013 06:31,434.969006454,406.386206322,777.223154362
12/21/2013 06:41,435.28747404,406.386206322,777.978187919
12/21/2013 06:50,435.28747404,406.386206322,776.216442953
12/21/2013 07:00,435.28747404,406.386206322,775.880872483
12/21/2013 07:11,433.096252098,406.386206322,778.271812081
12/21/2013 07:21,434.464480191,410.438538966,780.788590604
12/21/2013 07:31,434.948852136,410.891555517,783.871644295
12/21/2013 07:41,434.948852136,410.891555517,783.997483221
12/21/2013 07:50,434.948852136,410.891555517,787.856543624
12/21/2013 08:00,434.948852136,410.891555517,787.856543624
12/21/2013 08:10,434.948852136,410.891555517,787.562919463
12/21/2013 08:20,436.34869309,411.764415862,788.129194631
12/21/2013 08:30,436.34869309,411.764415862,788.17114094
12/21/2013 08:50,432.384396318,408.629207931,786.220637584
12/21/2013 09:01,432.384396318,408.629207931,786.556208054
12/21/2013 09:10,432.384396318,408.629207931,786.556208054
12/21/2013 09:21,432.384396318,408.629207931,785.989932886
12/21/2013 09:31,448.945281295,411.994384943,821.161912752
12/21/2013 09:40,448.945281295,411.994384943,818.477348993
12/21/2013 09:50,455.09827359,416.763642874,822.168624161
12/21/2013 10:00,455.09827359,416.763642874,825.33557047
12/21/2013 10:21,455.09827359,416.763642874,824.916107383
12/21/2013 10:30,455.09827359,416.763642874,824.916107383
12/21/2013 10:40,457.499098826,423.957194713,824.244966443
12/21/2013 10:50,457.499098826,423.957194713,824.244966443
12/21/2013 11:10,452.995965364,422.621294943,813.192114094
12/21/2013 11:20,455.742690229,423.900693563,815.079697987
12/21/2013 11:30,455.742690229,423.900693563,815.897651007
12/21/2013 11:50,455.742690229,423.900693563,815.729865772
12/21/2013 12:00,445.935107768,418.524038621,792.911073826
12/21/2013 12:10,454.055994549,419.84836092,814.114932886
12/21/2013 12:20,454.055994549,419.84836092,814.114932886
12/21/2013 12:30,454.055994549,419.84836092,814.114932886
12/21/2013 12:40,460.848937423,419.84836092,815.037751678
12/21/2013 12:50,460.848937423,419.84836092,806.333892617
12/21/2013 13:00,460.848937423,419.583648851,804.823825503
12/21/2013 13:10,460.848937423,419.583648851,803.544463087
12/21/2013 13:21,460.848937423,419.583648851,803.376677852
12/21/2013 13:30,460.848937423,419.583648851,806.019295302
12/21/2013 13:40,460.848937423,419.583648851,806.019295302
12/21/2013 13:50,460.848937423,419.583648851,805.851510067
12/21/2013 14:00,460.848937423,419.583648851,805.264261745
12/21/2013 14:10,459.449096469,418.710788506,804.068791946
12/21/2013 14:20,459.449096469,418.710788506,804.068791946
12/21/2013 14:30,459.449096469,418.710788506,804.068791946
12/21/2013 14:40,459.449096469,418.710788506,804.383389262
12/21/2013 14:50,459.449096469,418.710788506,804.383389262
12/21/2013 15:00,459.449096469,418.710788506,804.383389262
12/21/2013 15:10,459.449096469,418.710788506,804.383389262
12/21/2013 15:20,459.449096469,418.710788506,804.76090604
12/21/2013 15:40,441.771068893,391.129658851,762.269295302
12/21/2013 15:50,441.771068893,391.129658851,762.143456376
12/21/2013 16:00,441.771068893,391.129658851,762.479026846
12/21/2013 16:10,441.771068893,391.129658851,761.304530201
12/21/2013 16:30,441.771068893,391.129658851,754.299496644
12/21/2013 16:40,441.771068893,391.129658851,755.473993289
12/21/2013 16:50,442.698607675,391.74178023,755.956375839
12/21/2013 17:00,442.698607675,391.74178023,756.061241611
12/21/2013 17:10,442.698607675,391.74178023,755.662751678
12/21/2013 17:20,442.698607675,387.840993103,753.418624161
12/21/2013 17:30,442.698607675,387.840993103,753.418624161
12/21/2013 17:40,448.14084441,393.11796092,757.655201342
12/21/2013 17:50,448.14084441,393.11796092,756.187080537
12/21/2013 18:00,448.14084441,393.11796092,756.606543624
12/21/2013 18:10,446.378739141,388.603898506,755.306208054
12/21/2013 18:20,446.378739141,388.603898506,755.494966443
12/21/2013 18:30,438.119722332,384.07618908,738.17114094
12/21/2013 18:40,438.119722332,384.07618908,737.961409396
12/21/2013 18:50,438.119722332,384.266271149,740.604026846
12/21/2013 19:00,432.677485597,378.989303333,735.04614094
12/21/2013 19:10,438.119722332,384.266271149,728.271812081
12/21/2013 19:40,432.677485597,378.989303333,726.614932886
12/21/2013 19:50,432.193113652,378.536286782,725.188758389
12/21/2013 20:00,432.193113652,378.536286782,725.188758389
12/21/2013 20:10,432.193113652,378.536286782,725.125838926
12/21/2013 20:20,432.193113652,378.536286782,724.140100671
12/21/2013 20:40,430.644548,377.687341264,719.882550336
12/21/2013 20:50,435.76112092,380.267641264,724.056208054
12/21/2013 21:00,435.76112092,380.267641264,722.986577181
12/21/2013 21:20,433.403888667,379.713140115,722.630033557
12/21/2013 21:30,352.533838392,304.00600977,609.899328859
12/21/2013 22:10,352.954291885,309.826142529,603.628355705
12/21/2013 22:30,352.954291885,309.826142529,611.933724832
12/21/2013 23:00,353.185630544,298.669872874,616.92533557
12/21/2013 23:10,348.730099739,298.669872874,615.666946309
12/21/2013 23:30,348.730099739,298.669872874,616.275167785
12/21/2013 23:40,348.730099739,298.669872874,618.666107383
12/21/2013 23:50,348.730099739,298.669872874,618.309563758
12/22/2013 00:00,356.921571463,303.532034943,625.440436242
12/22/2013 00:10,356.921571463,303.532034943,625.608221477
12/22/2013 00:20,356.921571463,303.532034943,625.545302013
12/22/2013 00:30,356.921571463,303.532034943,625.81795302
12/22/2013 00:40,360.523677274,303.532034943,630.222315436
12/22/2013 00:50,364.46787677,303.532034943,629.509228188
12/22/2013 01:00,364.46787677,303.532034943,628.901006711
12/22/2013 01:10,360.632875701,299.918354253,622.734899329
12/22/2013 01:20,361.746758402,300.893551034,617.911073826
12/22/2013 01:30,358.144652592,300.893551034,620.155201342
12/22/2013 01:40,359.041246799,300.911663678,624.014261745
12/22/2013 02:00,359.041246799,300.911663678,626.090604027
12/22/2013 02:20,359.041246799,300.911663678,625.251677852
12/22/2013 02:30,359.041246799,300.911663678,624.140100671
12/22/2013 02:50,364.701978201,304.718072299,622.063758389
12/22/2013 03:00,364.701978201,304.718072299,622.902684564
12/22/2013 03:10,364.701978201,298.60445046,623.951342282
12/22/2013 03:30,398.557502283,383.401173103,670.281040268
12/22/2013 03:40,390.122891061,403.249668506,682.843959732
12/22/2013 04:00,385.087285854,401.144095862,673.573825503
12/22/2013 04:10,385.087285854,401.144095862,665.583053691
12/22/2013 04:20,385.087285854,401.144095862,664.660234899
12/22/2013 04:30,385.087285854,401.144095862,662.290268456
12/22/2013 04:40,385.087285854,401.144095862,656.753355705
12/22/2013 04:50,385.087285854,401.144095862,655.473993289
12/22/2013 05:00,370.895238371,392.694407931,627.64261745
12/22/2013 05:10,369.78135567,391.719211149,623.825503356
12/22/2013 05:20,369.78135567,391.719211149,617.512583893
12/22/2013 05:30,366.361429266,391.719211149,604.61409396
12/22/2013 05:40,369.78135567,391.719211149,613.003355705
12/22/2013 05:50,369.78135567,391.719211149,612.143456376
12/22/2013 06:00,369.78135567,391.719211149,612.562919463
12/22/2013 06:10,369.78135567,391.719211149,612.038590604
12/22/2013 06:20,366.361429266,391.719211149,603.041107383
12/22/2013 06:40,341.63936519,383.730417126,602.202181208
12/22/2013 06:50,345.949854979,386.867535862,603.984899329
12/22/2013 07:00,361.233976445,386.867535862,605.998322148
12/22/2013 07:10,361.233976445,385.916297586,602.411912752
12/22/2013 07:20,345.949854979,385.916297586,600.33557047
12/22/2013 07:40,342.529928575,385.916297586,595.23909396
12/22/2013 07:50,342.529928575,385.916297586,594.819630872
12/22/2013 08:00,336.121784063,369.99080908,589.513422819
12/22/2013 08:10,336.121784063,369.99080908,590.310402685
12/22/2013 08:20,336.121784063,369.99080908,591.883389262
12/22/2013 08:30,336.121784063,369.99080908,591.967281879
12/22/2013 08:40,336.121784063,361.205640115,587.143456376
12/22/2013 09:00,333.381578994,358.960556207,582.73909396
12/22/2013 09:10,336.121784063,361.205640115,579.551174497
12/22/2013 09:20,351.405905529,361.205640115,581.627516779
12/22/2013 09:30,236.972312056,264.03214092,381.354865772
12/22/2013 09:50,251.723725439,264.00649046,386.493288591
12/22/2013 10:00,251.723725439,264.00649046,371.875
12/22/2013 10:10,231.786034366,257.471171264,367.764261745
12/22/2013 10:20,227.181118738,255.148901264,363.65352349
12/22/2013 10:30,227.181118738,255.148901264,362.248322148
12/22/2013 10:40,227.181118738,255.148901264,359.291107383
12/22/2013 10:50,226.713486368,254.679877126,358.976510067
12/22/2013 11:00,226.367293349,254.487884253,357.466442953
12/22/2013 11:10,241.651414815,254.487884253,352.495805369
12/22/2013 11:20,225.548146177,254.001668046,350.083892617
12/22/2013 11:30,225.548146177,254.001668046,350.209731544
12/22/2013 11:40,219.024674624,250.963096322,330.180369128
12/22/2013 11:50,219.370867643,251.155089195,331.459731544
12/22/2013 12:00,219.370867643,251.155089195,331.291946309
12/22/2013 12:10,224.348870452,243.936803563,326.027684564
12/22/2013 12:20,209.064748986,243.936803563,323.720637584
12/22/2013 12:30,189.243794868,232.863924598,303.628355705
12/22/2013 13:00,206.070402274,233.619675402,302.013422819
12/22/2013 13:10,190.562529559,233.414308046,293.183724832
12/22/2013 13:30,190.562529559,233.414308046,290.394295302
12/22/2013 13:40,190.562529559,233.414308046,289.261744966
12/22/2013 13:50,190.562529559,233.414308046,289.261744966
12/22/2013 14:00,190.562529559,233.414308046,284.899328859
12/22/2013 14:10,190.562529559,233.414308046,283.389261745
12/22/2013 14:20,190.21633654,233.222315172,282.466442953
12/22/2013 14:30,190.21633654,233.222315172,282.466442953
12/22/2013 14:40,190.21633654,233.222315172,283.787751678
12/22/2013 14:50,190.21633654,233.222315172,281.291946309
12/22/2013 15:00,190.21633654,233.222315172,282.109899329
12/22/2013 15:20,197.315864671,250.112950345,288.590604027
12/22/2013 15:30,186.701441159,221.338742989,278.062080537
12/22/2013 15:40,186.701441159,221.338742989,274.958053691
12/22/2013 15:50,184.6144789,219.961469885,275.922818792
12/22/2013 16:00,184.6144789,219.961469885,273.804530201
12/22/2013 16:10,184.6144789,219.961469885,274.140100671
12/22/2013 16:20,185.460063845,220.595628736,277.118288591
12/22/2013 16:30,186.146745061,220.915478391,278.46057047
12/22/2013 16:50,187.700673244,222.272998966,280.012583893
12/22/2013 17:00,187.700673244,222.272998966,280.453020134
12/22/2013 17:10,187.009289624,221.598607471,279.802852349
12/22/2013 17:20,187.009289624,221.598607471,278.292785235
12/22/2013 17:30,187.009289624,221.598607471,278.544463087
12/22/2013 17:40,187.009289624,221.598607471,278.544463087
12/22/2013 17:50,187.009289624,221.598607471,277.411912752
12/22/2013 18:00,187.009289624,221.598607471,277.537751678
12/22/2013 18:10,187.009289624,221.827342529,277.202181208
12/22/2013 18:20,187.009289624,221.827342529,277.202181208
12/22/2013 18:30,187.009289624,221.827342529,277.202181208
12/22/2013 18:40,187.009289624,221.827342529,277.202181208
12/22/2013 18:50,187.009289624,221.827342529,277.223154362
12/22/2013 19:00,187.009289624,221.827342529,275.629194631
12/22/2013 19:10,187.009289624,221.827342529,271.854026846
12/22/2013 19:20,187.009289624,221.827342529,270.343959732
12/22/2013 19:30,187.009289624,221.827342529,270.343959732
12/22/2013 19:50,187.009289624,221.827342529,270.343959732
12/22/2013 20:00,187.009289624,221.827342529,270.343959732
12/22/2013 20:10,187.009289624,221.827342529,270.763422819
12/22/2013 20:20,187.009289624,221.827342529,270.763422819
12/22/2013 20:30,187.009289624,221.827342529,270.805369128
12/22/2013 20:40,187.009289624,221.827342529,270.742449664
12/22/2013 20:50,187.009289624,221.827342529,271.078020134
12/22/2013 21:00,187.009289624,221.827342529,271.161912752
12/22/2013 21:10,187.009289624,221.827342529,271.350671141
12/22/2013 21:20,187.009289624,221.827342529,271.434563758
12/22/2013 21:30,151.966559568,182.587993218,215.604026846
12/22/2013 21:40,151.966559568,191.082407011,217.428691275
12/22/2013 21:50,151.966559568,191.082407011,217.59647651
12/22/2013 22:00,151.966559568,191.082407011,217.135067114
12/22/2013 22:20,151.966559568,191.082407011,216.233221477
12/22/2013 22:30,151.966559568,191.082407011,216.233221477
12/22/2013 22:40,151.966559568,191.082407011,216.044463087
12/22/2013 22:50,151.966559568,191.082407011,216.212248322
12/22/2013 23:00,151.966559568,191.082407011,216.212248322
12/22/2013 23:20,151.966559568,191.082407011,215.625
12/22/2013 23:30,151.966559568,191.082407011,215.625
12/22/2013 23:40,151.966559568,191.082407011,215.373322148
12/22/2013 23:50,151.966559568,191.082407011,215.373322148
12/23/2013 00:00,151.966559568,191.082407011,215.373322148
12/23/2013 00:10,151.966559568,191.082407011,215.28942953
12/23/2013 00:20,151.966559568,191.082407011,215.28942953
12/23/2013 00:30,151.966559568,191.082407011,215.28942953
12/23/2013 00:50,152.790686234,191.787701609,216.044463087
12/23/2013 01:00,152.790686234,191.787701609,216.044463087
12/23/2013 01:10,151.236758052,190.430181034,214.618288591
12/23/2013 01:20,150.412631385,189.724886437,213.779362416
12/23/2013 01:30,150.412631385,189.724886437,214.114932886
12/23/2013 01:40,150.412631385,189.724886437,214.114932886
12/23/2013 01:50,150.412631385,189.724886437,214.114932886
12/23/2013 02:00,160.475129716,218.044951609,217.827181208
12/23/2013 02:10,160.475129716,218.044951609,217.743288591
12/23/2013 02:20,160.475129716,218.044951609,217.407718121
12/23/2013 02:30,160.475129716,218.044951609,217.428691275
12/23/2013 02:40,162.173365434,218.044951609,217.512583893
12/23/2013 02:50,162.173365434,218.044951609,217.512583893
12/23/2013 03:00,162.173365434,218.044951609,217.512583893
12/23/2013 03:10,162.173365434,218.044951609,217.59647651
12/23/2013 03:20,162.173365434,218.044951609,217.59647651
12/23/2013 03:30,162.173365434,218.044951609,217.59647651
12/23/2013 03:40,162.173365434,218.044951609,218.624161074
12/23/2013 03:50,162.173365434,218.044951609,218.624161074
12/23/2013 04:00,162.473887283,218.044951609,218.057885906
12/23/2013 04:10,162.473887283,218.044951609,218.057885906
12/23/2013 04:20,162.473887283,218.044951609,219.043624161
12/23/2013 04:40,162.473887283,218.044951609,220.008389262
12/23/2013 04:50,163.591543315,220.941821494,225.356543624
12/23/2013 05:00,163.591543315,222.470675517,215.771812081
12/23/2013 05:10,163.591543315,222.470675517,214.932885906
12/23/2013 05:20,163.591543315,222.470675517,214.974832215
12/23/2013 05:30,163.591543315,222.470675517,215.457214765
12/23/2013 05:40,163.591543315,222.470675517,216.904362416
12/23/2013 05:50,161.893307597,222.470675517,216.568791946
12/23/2013 06:00,161.893307597,222.470675517,216.77852349
12/23/2013 06:10,161.893307597,222.470675517,217.030201342
12/23/2013 06:20,166.246355356,229.005994713,219.190436242
12/23/2013 06:30,166.246355356,229.005994713,221.015100671
12/23/2013 06:40,166.246355356,229.005994713,221.098993289
12/23/2013 07:00,167.761873792,229.970677931,222.35738255
12/23/2013 07:10,167.761873792,229.970677931,214.618288591
12/23/2013 07:20,167.761873792,229.970677931,214.618288591
12/23/2013 07:30,167.761873792,229.970677931,212.961409396
12/23/2013 07:40,167.070482023,229.71128931,212.730704698
12/23/2013 07:50,167.070482023,229.71128931,213.443791946
12/23/2013 08:00,166.205606632,227.01609023,212.101510067
12/23/2013 08:10,165.705277485,226.310795632,211.807885906
12/23/2013 08:20,161.051707877,219.775476437,209.291107383
12/23/2013 08:30,161.051707877,219.775476437,209.291107383
12/23/2013 08:40,161.051707877,219.775476437,209.291107383
12/23/2013 08:50,154.643563366,195.064818966,202.139261745
12/23/2013 09:00,154.643563366,195.064818966,202.139261745
12/23/2013 09:10,154.066985205,194.863148161,201.48909396
12/23/2013 09:20,154.066985205,194.863148161,201.468120805
12/23/2013 09:30,160.289511125,197.197645747,208.011744966
12/23/2013 09:40,160.289511125,196.96891069,207.906879195
12/23/2013 09:50,160.289511125,196.96891069,208.07466443
12/23/2013 10:00,160.289511125,196.96891069,208.07466443
12/23/2013 10:10,160.289511125,196.96891069,208.745805369
12/23/2013 10:20,160.289511125,196.96891069,207.906879195
12/23/2013 10:30,160.289511125,196.96891069,208.22147651
12/23/2013 10:40,160.289511125,196.96891069,205.222315436
12/23/2013 10:50,161.361903474,197.469873103,204.970637584
12/23/2013 11:00,161.361903474,197.469873103,204.970637584
12/23/2013 11:10,161.361903474,197.469873103,204.635067114
12/23/2013 11:20,162.392210539,201.321337701,205.515939597
12/23/2013 11:30,160.230947053,201.321337701,199.811241611
12/23/2013 11:50,160.230947053,201.321337701,199.475671141
12/23/2013 12:10,158.871651082,201.321337701,188.80033557
12/23/2013 12:20,158.871651082,201.321337701,188.359899329
12/23/2013 12:30,158.871651082,201.321337701,188.359899329
12/23/2013 12:40,158.871651082,201.321337701,188.359899329
12/23/2013 12:50,158.871651082,201.321337701,188.213087248
12/23/2013 13:00,158.871651082,201.321337701,190.415268456
12/23/2013 13:10,158.871651082,201.321337701,188.569630872
12/23/2013 13:30,148.809152751,173.001272529,187.248322148
12/23/2013 13:40,148.809152751,173.001272529,187.248322148
12/23/2013 13:50,147.927056948,173.001272529,187.01761745
12/23/2013 14:00,147.927056948,173.001272529,186.765939597
12/23/2013 14:10,147.927056948,173.001272529,186.849832215
12/23/2013 14:20,147.927056948,173.001272529,186.807885906
12/23/2013 14:30,147.223424262,169.149807931,185.86409396
12/23/2013 14:50,146.896749883,169.149807931,190.897651007
12/23/2013 15:00,147.176294287,169.149807931,191.170302013
12/23/2013 15:10,144.436089218,166.904724023,190.771812081
12/23/2013 15:20,136.25070536,160.759831264,189.198825503
12/23/2013 15:30,136.25070536,160.759831264,189.198825503
12/23/2013 15:50,136.25070536,160.759831264,189.198825503
12/23/2013 16:00,136.25070536,160.759831264,188.863255034
12/23/2013 16:10,129.629493914,132.304897241,178.523489933
12/23/2013 16:20,129.629493914,132.304897241,179.026845638
12/23/2013 16:30,129.629493914,132.304897241,179.362416107
12/23/2013 16:40,129.629493914,132.304897241,179.068791946
12/23/2013 16:50,129.629493914,132.304897241,178.691275168
12/23/2013 17:00,129.629493914,132.304897241,180.285234899
12/23/2013 17:10,129.629493914,132.304897241,179.970637584
12/23/2013 17:20,129.629493914,132.304897241,179.970637584
12/23/2013 17:30,129.629493914,132.304897241,179.718959732
12/23/2013 17:40,129.629493914,132.304897241,179.718959732
12/23/2013 17:50,129.629493914,132.304897241,179.844798658
12/23/2013 18:00,130.827302689,132.304897241,180.180369128
12/23/2013 18:10,130.827302689,133.426775172,180.306208054
12/23/2013 18:30,134.79159946,136.371901034,182.088926174
12/23/2013 18:40,134.79159946,136.371901034,182.06795302
12/23/2013 18:50,134.79159946,136.371901034,182.06795302
12/23/2013 19:00,130.628277769,136.371901034,175.503355705
12/23/2013 19:10,130.847399963,136.371901034,175.796979866
12/23/2013 19:20,130.847399963,136.371901034,175.796979866
12/23/2013 19:30,130.847399963,136.371901034,175.776006711
12/23/2013 19:40,130.847399963,136.371901034,175.755033557
12/23/2013 19:50,130.847399963,136.371901034,174.244966443
12/23/2013 20:00,130.847399963,136.371901034,174.223993289
12/23/2013 20:10,130.847399963,136.371901034,173.825503356
12/23/2013 20:20,130.847399963,136.371901034,173.84647651
12/23/2013 20:30,130.847399963,136.371901034,173.007550336
12/23/2013 20:40,130.847399963,136.371901034,173.007550336
12/23/2013 20:50,130.847399963,136.371901034,172.462248322
12/23/2013 21:00,130.847399963,136.371901034,172.441275168
12/23/2013 21:10,130.847399963,136.371901034,172.525167785
12/23/2013 21:20,130.847399963,136.371901034,172.504194631
12/23/2013 21:30,122.141467443,134.037403448,164.765100671
12/23/2013 21:50,122.141467443,134.037403448,164.513422819
12/23/2013 22:00,124.118644484,134.985062299,166.862416107
12/23/2013 22:10,124.118644484,134.985062299,164.492449664
12/23/2013 22:20,124.118644484,134.985062299,164.660234899
12/23/2013 22:30,124.118644484,134.985062299,164.744127517
12/23/2013 22:50,122.324339571,132.74549931,164.80704698
12/23/2013 23:00,122.324339571,132.74549931,165.163590604
12/23/2013 23:10,122.324339571,132.74549931,165.163590604
12/23/2013 23:20,122.324339571,132.74549931,165.14261745
12/23/2013 23:30,122.324339571,132.74549931,165.14261745
12/23/2013 23:40,122.324339571,132.74549931,164.702181208
12/23/2013 23:50,122.324339571,132.74549931,164.282718121
12/24/2013 00:00,122.105217377,132.74549931,164.240771812
12/24/2013 00:10,122.105217377,132.74549931,163.821308725
12/24/2013 00:20,122.105217377,132.74549931,163.821308725
12/24/2013 00:30,122.105217377,132.74549931,163.821308725
12/24/2013 00:40,122.105217377,132.74549931,163.674496644
12/24/2013 00:50,122.105217377,132.74549931,163.695469799
12/24/2013 01:00,122.105217377,132.74549931,163.674496644
12/24/2013 01:10,122.105217377,132.74549931,163.611577181
12/24/2013 01:20,122.105217377,132.74549931,163.611577181
12/24/2013 01:30,122.105217377,132.74549931,163.611577181
12/24/2013 01:40,122.105217377,132.74549931,163.590604027
12/24/2013 01:50,122.105217377,132.74549931,163.611577181
12/24/2013 02:00,122.105217377,132.74549931,162.416107383
12/24/2013 02:10,122.105217377,132.74549931,162.416107383
12/24/2013 02:20,122.105217377,132.74549931,162.395134228
12/24/2013 02:30,122.105217377,132.74549931,162.395134228
12/24/2013 02:40,122.105217377,132.74549931,162.416107383
12/24/2013 02:50,122.105217377,132.74549931,162.416107383
12/24/2013 03:00,122.105217377,132.74549931,162.416107383
12/24/2013 03:10,122.105217377,132.74549931,163.003355705
12/24/2013 03:20,122.105217377,132.74549931,163.003355705
12/24/2013 03:30,122.105217377,132.74549931,163.024328859
12/24/2013 03:40,122.105217377,132.74549931,164.345637584
12/24/2013 03:50,122.105217377,132.74549931,164.345637584
12/24/2013 04:00,122.105217377,132.74549931,164.156879195
12/24/2013 04:10,122.105217377,132.74549931,164.660234899
12/24/2013 04:20,122.105217377,132.74549931,164.702181208
12/24/2013 04:30,122.105217377,132.74549931,164.513422819
12/24/2013 04:40,122.105217377,132.74549931,164.13590604
12/24/2013 04:50,122.105217377,132.74549931,164.177852349
12/24/2013 05:00,122.105217377,132.74549931,165.226510067
12/24/2013 05:10,123.803453095,132.74549931,165.184563758
12/24/2013 05:20,122.957868151,132.74549931,163.485738255
12/24/2013 05:30,122.957868151,132.74549931,164.156879195
12/24/2013 05:40,122.957868151,132.74549931,164.114932886
12/24/2013 05:50,122.957868151,132.74549931,163.192114094
12/24/2013 06:00,123.176990345,132.284056667,163.401845638
12/24/2013 06:10,121.199813303,131.79784046,162.332214765
12/24/2013 06:20,121.199813303,131.79784046,162.353187919
12/24/2013 06:30,121.199813303,131.79784046,162.353187919
12/24/2013 06:40,121.199813303,131.79784046,162.856543624
12/24/2013 06:50,121.199813303,131.79784046,162.856543624
12/24/2013 07:00,116.407404641,128.351752184,159.731543624
12/24/2013 07:10,120.371701413,131.296878046,161.325503356
12/24/2013 07:20,118.673465694,131.296878046,160.318791946
12/24/2013 07:30,118.673465694,131.296878046,160.360738255
12/24/2013 07:40,118.673465694,131.296878046,160.360738255
12/24/2013 07:50,118.673465694,131.296878046,160.360738255
12/24/2013 08:00,118.673465694,131.296878046,160.276845638
12/24/2013 08:10,118.673465694,131.296878046,160.67533557
12/24/2013 08:20,118.673465694,131.296878046,160.486577181
12/24/2013 08:30,118.673465694,131.296878046,159.878355705
12/24/2013 08:40,118.673465694,131.296878046,160.025167785
12/24/2013 08:50,118.673465694,131.296878046,159.752516779
12/24/2013 09:00,118.673465694,131.296878046,159.752516779
12/24/2013 09:10,118.673465694,131.296878046,159.626677852
12/24/2013 09:20,118.673465694,131.296878046,159.815436242
12/24/2013 09:30,118.673465694,130.662719195,159.689597315
12/24/2013 09:40,118.673465694,130.662719195,159.647651007
12/24/2013 09:50,117.666344653,130.051357011,158.997483221
12/24/2013 10:00,117.666344653,130.051357011,158.640939597
12/24/2013 10:10,117.666344653,130.051357011,157.466442953
12/24/2013 10:20,117.666344653,130.051357011,157.130872483
12/24/2013 10:30,117.666344653,130.051357011,156.648489933
12/24/2013 10:40,117.666344653,130.051357011,156.648489933
12/24/2013 10:50,117.666344653,130.051357011,156.501677852
12/24/2013 11:00,118.575831748,130.734122874,156.900167785
12/24/2013 11:10,118.575831748,130.734122874,156.187080537
12/24/2013 11:20,118.575831748,130.734122874,156.040268456
12/24/2013 11:30,118.575831748,129.205268851,154.593120805
12/24/2013 11:40,118.575831748,129.205268851,153.292785235
12/24/2013 11:50,118.575831748,129.205268851,153.628355705
12/24/2013 12:00,115.178186748,126.354247701,151.887583893
12/24/2013 12:10,114.611534977,126.07006092,150.81795302
12/24/2013 12:20,113.702047882,125.387295057,152.034395973
12/24/2013 12:30,115.345468415,125.387295057,153.691275168
12/24/2013 12:40,128.46388479,136.353263103,154.089765101
12/24/2013 12:50,139.534628829,144.897092414,154.718959732
12/24/2013 13:00,139.878254678,144.577242759,153.523489933
12/24/2013 13:10,139.878254678,144.577242759,152.558724832
12/24/2013 13:20,139.878254678,144.577242759,152.474832215
12/24/2013 13:30,139.878254678,144.577242759,152.474832215
12/24/2013 13:40,139.878254678,144.577242759,152.013422819
12/24/2013 13:50,139.878254678,144.577242759,151.950503356
12/24/2013 14:00,139.878254678,144.577242759,153.334731544
12/24/2013 14:10,139.659132484,144.577242759,153.020134228
12/24/2013 14:20,139.659132484,144.577242759,152.78942953
12/24/2013 14:30,139.659132484,144.577242759,152.78942953
12/24/2013 14:40,139.878254678,144.577242759,153.125
12/24/2013 14:50,136.407661313,142.876803448,150.985738255
12/24/2013 15:00,136.407661313,142.876803448,151.237416107
12/24/2013 15:10,136.163380855,142.876803448,150.734060403
12/24/2013 15:20,136.163380855,142.876803448,150.922818792
12/24/2013 15:30,137.235773203,143.377765862,153.418624161
12/24/2013 15:40,141.889342811,149.913085057,155.662751678
12/24/2013 15:50,141.889342811,149.913085057,155.557885906
12/24/2013 16:00,141.889342811,149.913085057,155.620805369
12/24/2013 16:10,141.889342811,149.913085057,155.704697987
12/24/2013 16:20,143.747452078,149.28342046,158.095637584
12/24/2013 16:30,144.263640629,152.245355172,159.920302013
12/24/2013 16:40,144.263640629,152.245355172,159.920302013
12/24/2013 16:50,148.802616671,155.211266552,162.877516779
12/24/2013 17:00,148.802616671,155.211266552,162.856543624
12/24/2013 17:10,148.802616671,155.440001609,162.562919463
12/24/2013 17:20,149.031045875,155.440001609,162.856543624
12/24/2013 17:30,149.031045875,155.440001609,163.129194631
12/24/2013 17:40,149.031045875,155.440001609,163.024328859
12/24/2013 17:50,194.945503186,193.82088977,168.519295302
12/24/2013 18:00,194.945503186,193.82088977,168.309563758
12/24/2013 18:10,194.945503186,193.82088977,168.435402685
12/24/2013 18:20,194.945503186,193.82088977,168.372483221
12/24/2013 18:30,194.945503186,193.82088977,168.435402685
12/24/2013 18:40,194.945503186,193.82088977,168.435402685
12/24/2013 18:50,194.945503186,191.997670805,166.421979866
12/24/2013 19:00,194.945503186,191.997670805,166.380033557
12/24/2013 19:10,194.945503186,191.997670805,166.212248322
12/24/2013 19:20,194.717073983,191.997670805,166.065436242
12/24/2013 19:30,196.511378895,194.501945862,164.702181208
12/24/2013 19:40,196.511378895,194.501945862,164.618288591
12/24/2013 19:50,196.511378895,187.971528391,164.513422819
12/24/2013 20:00,185.440634856,185.958116552,163.821308725
12/24/2013 20:10,184.924446306,185.675134713,162.5
12/24/2013 20:20,181.465670068,183.383614828,160.381711409
12/24/2013 20:30,181.465670068,183.383614828,160.549496644
12/24/2013 20:40,181.465670068,183.383614828,160.444630872
12/24/2013 20:50,181.465670068,183.383614828,160.088087248
12/24/2013 21:00,181.465670068,183.383614828,159.71057047
12/24/2013 21:10,181.465670068,183.383614828,159.71057047
12/24/2013 21:20,181.465670068,183.383614828,159.333053691
12/24/2013 21:30,181.465670068,183.383614828,158.766778523
12/24/2013 21:40,180.435363002,183.383614828,158.640939597
12/24/2013 21:50,180.435363002,183.383614828,158.452181208
12/24/2013 22:00,180.435363002,183.383614828,155.57885906
12/24/2013 22:10,180.435363002,183.383614828,155.473993289
12/24/2013 22:30,192.536414107,185.397026667,156.648489933
12/24/2013 22:40,192.536414107,185.397026667,155.956375839
12/24/2013 22:50,192.536414107,185.397026667,156.145134228
12/24/2013 23:00,192.536414107,185.397026667,155.76761745
12/24/2013 23:10,187.882844499,178.861707471,153.712248322
12/24/2013 23:20,187.882844499,178.861707471,153.586409396
12/24/2013 23:30,182.499929761,171.348882299,150.755033557
12/24/2013 23:40,182.499929761,171.348882299,150.755033557
12/24/2013 23:50,182.499929761,171.348882299,150.629194631
12/25/2013 00:00,182.499929761,171.348882299,150.629194631
12/25/2013 00:10,182.499929761,171.348882299,150.629194631
12/25/2013 00:20,182.499929761,171.348882299,150.755033557
12/25/2013 00:30,182.499929761,171.348882299,150.755033557
12/25/2013 00:40,182.499929761,171.348882299,150.650167785
12/25/2013 00:50,182.499929761,171.348882299,150.755033557
12/25/2013 01:00,182.499929761,171.348882299,150.692114094
12/25/2013 01:10,183.016118311,171.631864138,151.15352349
12/25/2013 01:20,183.016118311,171.631864138,151.027684564
12/25/2013 01:30,183.016118311,171.631864138,151.15352349
12/25/2013 01:40,183.016118311,171.631864138,151.15352349
12/25/2013 01:50,183.016118311,171.631864138,151.15352349
12/25/2013 02:00,183.016118311,171.631864138,151.027684564
12/25/2013 02:10,183.016118311,171.631864138,151.15352349
12/25/2013 02:20,183.016118311,171.631864138,151.027684564
12/25/2013 02:30,183.016118311,171.631864138,151.15352349
12/25/2013 02:40,183.016118311,171.631864138,151.15352349
12/25/2013 02:50,183.016118311,171.631864138,151.15352349
12/25/2013 03:00,183.016118311,171.631864138,150.314597315
12/25/2013 03:10,183.016118311,171.631864138,150.314597315
12/25/2013 03:20,183.016118311,171.631864138,150.314597315
12/25/2013 03:30,183.016118311,171.631864138,149.769295302
12/25/2013 03:40,183.016118311,171.631864138,149.769295302
12/25/2013 03:50,183.016118311,171.631864138,149.769295302
12/25/2013 04:00,183.016118311,171.631864138,149.538590604
12/25/2013 04:10,183.016118311,171.631864138,148.888422819
12/25/2013 04:20,183.016118311,171.631864138,148.259228188
12/25/2013 04:30,183.016118311,171.631864138,148.259228188
12/25/2013 04:40,183.016118311,171.631864138,148.259228188
12/25/2013 04:50,183.016118311,171.631864138,148.36409396
12/25/2013 05:00,183.016118311,171.631864138,148.36409396
12/25/2013 05:10,183.016118311,171.631864138,148.36409396
12/25/2013 05:20,183.016118311,171.631864138,148.36409396
12/25/2013 05:30,183.016118311,171.631864138,148.36409396
12/25/2013 05:40,183.016118311,171.631864138,148.36409396
12/25/2013 05:50,183.016118311,171.631864138,148.36409396
12/25/2013 06:00,183.016118311,171.631864138,147.252516779
12/25/2013 06:10,183.016118311,171.40312908,147.21057047
12/25/2013 06:20,183.016118311,171.40312908,146.854026846
12/25/2013 06:30,183.016118311,171.40312908,146.854026846
12/25/2013 06:40,183.016118311,171.631864138,147.168624161
12/25/2013 06:50,183.016118311,171.631864138,147.168624161
12/25/2013 07:00,183.016118311,171.631864138,146.686241611
12/25/2013 07:10,181.935918507,170.957472644,145.616610738
12/25/2013 07:20,181.935918507,170.957472644,145.616610738
12/25/2013 07:30,181.935918507,170.957472644,145.679530201
12/25/2013 07:40,181.716796313,170.957472644,145.469798658
12/25/2013 07:50,181.716796313,170.957472644,145.469798658
12/25/2013 08:00,181.716796313,170.957472644,145.469798658
12/25/2013 08:10,181.716796313,170.957472644,145.469798658
12/25/2013 08:20,181.716796313,170.957472644,145.364932886
12/25/2013 08:30,181.716796313,170.957472644,145.364932886
12/25/2013 08:40,181.716796313,170.957472644,145.364932886
12/25/2013 08:50,181.716796313,170.957472644,145.364932886
12/25/2013 09:00,181.716796313,170.957472644,142.344798658
12/25/2013 09:10,181.716796313,170.957472644,138.276006711
12/25/2013 09:20,181.716796313,170.957472644,138.276006711
12/25/2013 09:30,181.716796313,170.957472644,138.276006711
12/25/2013 09:40,181.716796313,170.957472644,138.276006711
12/25/2013 09:50,181.716796313,170.957472644,138.129194631
12/25/2013 10:00,169.615745208,168.944060805,137.248322148
12/25/2013 10:10,169.615745208,168.944060805,136.661073826
12/25/2013 10:20,171.313980926,168.944060805,137.877516779
12/25/2013 10:30,171.313980926,168.944060805,137.877516779
12/25/2013 10:40,171.313980926,168.944060805,138.590604027
12/25/2013 10:50,171.313980926,168.944060805,138.716442953
12/25/2013 11:00,170.797792376,168.661078966,137.5
12/25/2013 11:10,171.81245193,169.471243563,138.422818792
12/25/2013 11:20,171.81245193,169.471243563,139.072986577
12/25/2013 11:30,171.81245193,169.471243563,139.072986577
12/25/2013 11:40,171.81245193,169.471243563,139.072986577
12/25/2013 11:50,171.81245193,169.471243563,137.814597315
12/25/2013 12:00,171.81245193,169.471243563,137.814597315
12/25/2013 12:10,171.81245193,169.471243563,137.898489933
12/25/2013 12:20,171.81245193,169.471243563,138.590604027
12/25/2013 12:30,171.81245193,169.471243563,138.590604027
12/25/2013 12:40,171.81245193,169.471243563,138.590604027
12/25/2013 12:50,171.81245193,169.471243563,139.80704698
12/25/2013 13:10,171.81245193,169.471243563,139.681208054
12/25/2013 13:20,170.114216211,169.471243563,138.464765101
12/25/2013 13:30,170.114216211,169.471243563,138.464765101
12/25/2013 13:40,170.114216211,169.471243563,138.464765101
12/25/2013 13:50,170.114216211,169.471243563,138.464765101
12/25/2013 14:00,170.114216211,169.471243563,138.17114094
12/25/2013 14:10,170.114216211,169.471243563,138.108221477
12/25/2013 14:20,161.598987722,164.401430805,135.297818792
12/25/2013 14:30,161.598987722,164.401430805,135.297818792
12/25/2013 14:40,161.598987722,164.401430805,135.297818792
12/25/2013 14:50,161.598987722,164.401430805,135.52852349
12/25/2013 15:00,160.584328168,163.591266207,134.605704698
12/25/2013 15:10,160.584328168,163.591266207,134.605704698
12/25/2013 15:20,160.584328168,163.591266207,135.04614094
12/25/2013 15:30,160.584328168,163.591266207,135.423657718
12/25/2013 15:40,160.584328168,163.591266207,135.423657718
12/25/2013 15:50,160.584328168,163.591266207,135.423657718
12/25/2013 16:00,160.584328168,163.591266207,135.780201342
12/25/2013 16:10,160.584328168,163.591266207,135.759228188
12/25/2013 16:20,160.584328168,163.591266207,135.717281879
12/25/2013 16:30,160.584328168,163.591266207,135.717281879
12/25/2013 16:40,160.584328168,163.591266207,135.738255034
12/25/2013 16:50,160.584328168,163.591266207,135.968959732
12/25/2013 17:00,160.584328168,163.591266207,135.968959732
12/25/2013 17:10,160.584328168,163.591266207,135.968959732
12/25/2013 17:20,160.584328168,163.591266207,135.968959732
12/25/2013 17:30,160.584328168,163.591266207,135.780201342
12/25/2013 17:40,160.584328168,163.591266207,135.780201342
12/25/2013 17:50,160.584328168,163.591266207,135.780201342
12/25/2013 18:00,160.584328168,163.591266207,135.67533557
12/25/2013 18:10,160.584328168,163.591266207,135.780201342
12/25/2013 18:20,160.584328168,163.591266207,135.780201342
12/25/2013 18:30,160.584328168,163.591266207,135.780201342
12/25/2013 18:40,160.584328168,163.591266207,135.780201342
12/25/2013 18:50,160.584328168,163.591266207,135.780201342
12/25/2013 19:00,160.584328168,163.591266207,135.088087248
12/25/2013 19:10,160.584328168,163.591266207,135.088087248
12/25/2013 19:20,160.584328168,163.591266207,135.088087248
12/25/2013 19:30,160.584328168,163.591266207,135.088087248
12/25/2013 19:40,160.584328168,163.591266207,135.088087248
12/25/2013 19:50,160.584328168,163.591266207,135.088087248
12/25/2013 20:00,160.584328168,163.591266207,134.983221477
12/25/2013 20:10,160.584328168,163.591266207,134.983221477
12/25/2013 20:20,160.584328168,163.591266207,134.437919463
12/25/2013 20:30,160.584328168,163.591266207,134.437919463
12/25/2013 20:40,160.584328168,163.591266207,134.437919463
12/25/2013 20:50,160.584328168,163.591266207,134.437919463
12/25/2013 21:00,160.584328168,163.591266207,133.682885906
12/25/2013 21:10,160.584328168,163.591266207,133.494127517
12/25/2013 21:20,160.584328168,163.591266207,133.494127517
12/25/2013 21:30,160.584328168,163.591266207,133.494127517
12/25/2013 21:40,160.584328168,163.591266207,133.494127517
12/25/2013 21:50,160.584328168,163.591266207,133.494127517
12/25/2013 22:00,160.584328168,163.591266207,133.431208054
12/25/2013 22:10,160.584328168,163.591266207,133.305369128
12/25/2013 22:20,160.584328168,163.591266207,133.305369128
12/25/2013 22:30,160.584328168,163.591266207,133.305369128
12/25/2013 22:40,160.584328168,163.591266207,133.305369128
12/25/2013 22:50,160.584328168,163.591266207,133.305369128
12/25/2013 23:00,160.584328168,163.591266207,133.116610738
12/25/2013 23:10,160.584328168,163.591266207,133.116610738
12/25/2013 23:20,160.584328168,163.591266207,133.116610738
12/25/2013 23:30,160.584328168,163.591266207,133.116610738
12/25/2013 23:40,161.591449209,164.202628391,133.682885906
12/25/2013 23:50,161.591449209,164.202628391,133.682885906
12/26/2013 00:00,161.591449209,164.202628391,133.682885906
12/26/2013 00:10,161.591449209,164.202628391,133.682885906
12/26/2013 00:20,160.584328168,163.591266207,133.116610738
12/26/2013 00:30,160.584328168,163.591266207,133.116610738
12/26/2013 00:40,160.584328168,163.591266207,133.116610738
12/26/2013 00:50,160.584328168,163.591266207,133.116610738
12/26/2013 01:00,161.591449209,164.202628391,133.70385906
12/26/2013 01:10,161.591449209,164.202628391,133.515100671
12/26/2013 01:20,161.591449209,164.202628391,133.515100671
12/26/2013 01:30,161.591449209,164.202628391,133.515100671
12/26/2013 01:40,161.591449209,164.202628391,133.515100671
12/26/2013 01:50,160.584328168,163.591266207,132.55033557
12/26/2013 02:00,158.940907634,163.591266207,131.061241611
12/26/2013 02:10,158.940907634,163.591266207,131.019295302
12/26/2013 02:20,159.17279233,163.744296552,131.333892617
12/26/2013 02:30,159.433486374,163.744296552,132.005033557
12/26/2013 02:40,160.830906854,163.952286437,134.291107383
12/26/2013 02:50,160.830906854,163.952286437,134.291107383
12/26/2013 03:00,160.830906854,163.952286437,135.109060403
12/26/2013 03:10,160.830906854,163.952286437,135.109060403
12/26/2013 03:20,161.154704374,163.952286437,135.423657718
12/26/2013 03:30,161.154704374,163.952286437,135.423657718
12/26/2013 03:40,161.265638702,167.098960345,135.549496644
12/26/2013 03:50,161.265638702,167.098960345,135.549496644
12/26/2013 04:10,161.265638702,167.098960345,135.989932886
12/26/2013 04:20,161.265638702,167.098960345,137.206375839
12/26/2013 04:30,160.941841183,167.098960345,136.891778523
12/26/2013 04:40,161.765967849,167.804254943,137.541946309
12/26/2013 04:50,161.765967849,167.804254943,138.024328859
12/26/2013 05:00,162.2821564,168.087236782,139.13590604
12/26/2013 05:10,162.2821564,168.087236782,139.13590604
12/26/2013 05:20,162.2821564,168.087236782,139.13590604
12/26/2013 05:30,163.930409733,169.497825977,142.470637584
12/26/2013 05:40,163.930409733,169.497825977,142.470637584
12/26/2013 05:50,165.628645452,169.497825977,142.827181208
12/26/2013 06:00,165.628645452,169.497825977,142.827181208
12/26/2013 06:10,165.628645452,169.497825977,142.827181208
12/26/2013 06:20,165.628645452,169.497825977,142.994966443
12/26/2013 06:30,165.396760756,169.344795632,142.973993289
12/26/2013 06:40,165.628645452,169.497825977,143.41442953
12/26/2013 06:50,162.177122486,165.832850115,141.463926174
12/26/2013 07:00,161.059067116,162.686176207,140.897651007
12/26/2013 07:10,161.059067116,162.686176207,140.750838926
12/26/2013 07:20,161.059067116,162.686176207,140.792785235
12/26/2013 07:30,161.059067116,162.686176207,140.792785235
12/26/2013 07:40,161.059067116,162.686176207,140.792785235
12/26/2013 07:50,159.360831398,162.686176207,139.681208054
12/26/2013 08:00,159.360831398,162.686176207,139.681208054
12/26/2013 08:10,159.360831398,162.686176207,138.548657718
12/26/2013 08:20,161.059067116,162.686176207,139.198825503
12/26/2013 08:30,161.059067116,162.686176207,139.198825503
12/26/2013 08:40,161.059067116,162.686176207,138.968120805
12/26/2013 08:50,161.059067116,162.686176207,138.968120805
12/26/2013 09:00,164.25714931,164.977696092,139.932885906
12/26/2013 09:10,164.25714931,164.977696092,139.932885906
12/26/2013 09:20,164.25714931,164.977696092,139.932885906
12/26/2013 09:30,166.286468418,166.598025287,145.134228188
12/26/2013 09:40,166.286468418,166.598025287,145.134228188
12/26/2013 09:50,166.286468418,166.598025287,144.945469799
12/26/2013 10:00,162.22550752,163.698197241,138.758389262
12/26/2013 10:10,163.297899868,164.199159655,139.576342282
12/26/2013 10:20,163.297899868,164.199159655,139.576342282
12/26/2013 10:30,163.297899868,164.199159655,139.387583893
12/26/2013 10:40,163.297899868,164.199159655,139.387583893
12/26/2013 10:50,162.907600429,163.99116977,137.751677852
12/26/2013 11:00,162.907600429,163.99116977,137.101510067
12/26/2013 11:10,162.907600429,163.99116977,137.101510067
12/26/2013 11:20,161.20936471,163.99116977,136.115771812
12/26/2013 11:30,161.20936471,163.99116977,135.549496644
12/26/2013 11:40,161.20936471,163.99116977,135.570469799
12/26/2013 11:50,161.20936471,163.99116977,136.136744966
12/26/2013 12:00,161.20936471,163.99116977,135.822147651
12/26/2013 12:10,157.750588472,161.699649885,134.458892617
12/26/2013 12:20,157.518703777,161.54661954,135.276845638
12/26/2013 12:30,158.176143708,162.152556782,135.213926174
12/26/2013 12:40,158.176143708,162.152556782,135.19295302
12/26/2013 12:50,158.176143708,162.152556782,135.025167785
12/26/2013 13:00,158.176143708,162.152556782,134.920302013
12/26/2013 13:10,156.099596829,162.152556782,133.578020134
12/26/2013 13:20,156.099596829,162.152556782,133.578020134
12/26/2013 13:30,156.099596829,161.887844713,132.172818792
12/26/2013 13:40,156.099596829,161.887844713,132.172818792
12/26/2013 13:50,156.099596829,161.887844713,132.151845638
12/26/2013 14:00,156.099596829,161.887844713,132.592281879
12/26/2013 14:10,156.099596829,161.887844713,132.843959732
12/26/2013 14:20,155.442156898,161.281907471,131.984060403
12/26/2013 14:30,155.442156898,161.281907471,131.795302013
12/26/2013 14:40,155.442156898,161.281907471,131.795302013
